zone_id,division,cluster_k2,distance_k2,silhouette_k2,cluster_k4,distance_k4,silhouette_k4
NE_F_001,Nashik East,0,1.3209200990219976,0.1976503463354679,1,1.0488452149308003,0.4514470630469195
NE_F_002,Nashik East,1,0.9642664730012468,0.49209517154019394,3,0.9538056828981484,0.4289027338129139
NE_F_003,Nashik East,1,0.8598926699311294,0.5410972910222482,3,0.6844432818481775,0.5117678061360345
NE_F_004,Nashik East,1,1.5277387949038554,0.4018026312140833,3,1.4557131870444877,0.3566640756964921
NE_F_005,Nashik East,1,1.6824322688275173,0.3519748340847744,3,1.7185768680522269,0.2567567962359816
NE_F_007,Nashik East,1,1.3736082014702744,0.38116067590987074,3,1.417066458516809,0.30291371050138655
NE_F_008,Nashik East,1,0.8790845136323399,0.527072674977977,3,0.7834456718847821,0.4931927152923875
NE_F_010,Nashik East,0,1.3209200990219976,0.1976503463354679,1,1.0488452149308003,0.4514470630469195
NE_F_011,Nashik East,0,3.440173665466415,0.13174945358102147,1,3.1198068651153217,0.24552031944482292
NE_F_012,Nashik East,1,0.8849928045061735,0.5050692275442419,3,0.7870087039344151,0.44437322729851425
NE_F_014,Nashik East,0,1.3209200990219976,0.1976503463354679,1,1.0488452149308003,0.4514470630469195
NE_F_015,Nashik East,1,1.110458174523191,0.48500958980565056,3,1.144332624152538,0.3879259341627953
NE_F_016,Nashik East,1,1.102219747144247,0.4309612880206552,3,1.0675457006842641,0.3605679359945373
NE_R_001,Nashik East,0,2.240397989901144,-0.07463541975621013,0,1.9980279927765128,0.050005861167213776
NE_R_002,Nashik East,1,1.6590610690056566,0.2716626526897579,2,1.4832120152511323,0.0035222340026641267
NW_F_001,Nashik West,0,1.3209200990219976,0.1976503463354679,1,1.0488452149308003,0.4514470630469195
NW_F_002,Nashik West,1,2.0734436393799722,0.20163557980611502,2,1.140135338627745,0.2140214241921317
NW_F_003,Nashik West,1,1.3338688511098034,0.43920419201871935,3,1.3044163716418968,0.389679985152813
NW_F_004,Nashik West,1,0.8316501234651436,0.4965247622280714,3,0.814995800558479,0.4218413501164874
NW_F_005,Nashik West,0,2.3700815456429463,0.2129908728109825,0,1.3188708347749007,0.3271800264063666
NW_F_006,Nashik West,1,1.4234137291175928,0.3301459566608205,2,1.4229358179902871,-0.098554318365303
NW_F_007,Nashik West,1,1.5198112788515474,0.42449592599198377,3,1.4942068322478055,0.36493632711380247
NW_F_008,Nashik West,1,1.059473397061997,0.5340706377190072,3,0.8807225617292411,0.5112817207428414
NW_F_009,Nashik West,0,2.9416385674342322,-0.034039169628685625,2,2.059825521709831,0.24655092604162454
NW_F_010,Nashik West,0,1.8485970739079478,0.01045506896374382,1,1.1225765307646476,0.3169641250342031
NW_F_011,Nashik West,1,0.7769596138016797,0.5506020027592828,3,0.6582608438879454,0.5192894442350967
NW_F_012,Nashik West,0,1.8485970739079478,0.01045506896374382,1,1.1225765307646476,0.3169641250342031
NW_F_013,Nashik West,1,2.123823058229307,0.17162107641062924,1,1.9003736852798452,0.02601783522871399
NW_F_014,Nashik West,0,2.1163392767420905,-0.02598198634246681,1,2.082088037448623,0.1032016493335893
NW_F_016,Nashik West,0,2.240397989901144,-0.07463541975621013,0,1.9980279927765128,0.050005861167213776
NW_F_017,Nashik West,0,1.3209200990219976,0.1976503463354679,1,1.0488452149308003,0.4514470630469195
NW_F_018,Nashik West,1,0.5219064396994854,0.5398620922884669,3,0.5016045493476862,0.4907867221309521
NW_F_019,Nashik West,1,2.3568477880043996,0.18489858680688745,2,1.7777099044956837,0.14963815765882035
NW_F_020,Nashik West,1,1.64580822854467,0.2934600489604842,3,1.690421815596385,0.19473691475764968
NW_F_021,Nashik West,0,1.3209200990219976,0.1976503463354679,1,1.0488452149308003,0.4514470630469195
NW_F_022,Nashik West,0,2.471514332560533,0.06290460480333519,0,2.003222111373214,0.1567878437924689
NW_F_024,Nashik West,1,0.8869313131392808,0.517149574839353,3,0.8818787687431926,0.46772890063775713
NW_F_025,Nashik West,0,2.5572066023463598,0.22261126148717159,0,1.344670464298549,0.3613088688083582
NW_F_026,Nashik West,0,1.7372398448705355,-0.1533392338332775,1,1.5852835055856125,0.007034034237417047
NW_F_027,Nashik West,0,1.448209957794406,0.23308511342081956,1,1.7698211522676717,0.1767042468109146
NW_R_001,Nashik West,0,2.6009227036386857,0.11671753265107569,2,2.1980284829248276,0.1756963091242788
NW_R_002,Nashik West,0,1.9860524978440421,0.019220752729597623,2,2.018695111970372,-0.025542187884219705
NW_R_003,Nashik West,0,2.2172316406717654,0.09077741119850351,2,1.9873696880326022,0.11494412613712678
NW_R_007,Nashik West,1,0.7533999345952327,0.5171689844169958,3,0.7461881747231848,0.4633278189539413
NW_R_011,Nashik West,0,2.170236738391006,0.001530675379291993,0,1.5884717982126724,0.2090824364614905
NW_R_015,Nashik West,1,1.6977264284696145,0.23497079638561963,2,1.547303300849377,-0.025767822544453284
NW_R_017,Nashik West,1,1.8142194819932416,0.33394786296960083,3,1.8947568822864702,0.21487558993368605
NW_R_018,Nashik West,1,1.1198882462266948,0.4303573961742875,3,1.1968806308494795,0.3249392756374027
PAN_F_001,Panchavati,1,1.919816537314907,0.31581301150039853,3,2.00121083140777,0.19637942061779723
PAN_F_002,Panchavati,1,0.8869313131392808,0.517149574839353,3,0.8818787687431926,0.46772890063775713
PAN_F_004,Panchavati,0,1.3209200990219976,0.1976503463354679,1,1.0488452149308003,0.4514470630469195
PAN_F_005,Panchavati,1,1.9517368902160515,0.2762685343985667,2,1.6134921588583686,0.01898546204762814
PAN_F_006,Panchavati,1,0.8869313131392808,0.517149574839353,3,0.8818787687431926,0.46772890063775713
PAN_F_007,Panchavati,1,1.476596979101706,0.4362018827471058,3,1.466657061737186,0.36425609530351855
PAN_F_008,Panchavati,1,1.47659697910157,0.43620188274712834,3,1.4666570617370627,0.3642560953035295
PAN_F_009,Panchavati,1,1.059473397061997,0.5340706377190072,3,0.8807225617292411,0.5112817207428414
PAN_F_010,Panchavati,1,2.0307534426179084,0.2407136631952894,2,1.4718325587779615,0.11627004176336142
PAN_F_011,Panchavati,0,1.7612309599430882,0.03026384140470813,2,1.771686177673102,-0.006053731562826994
PAN_F_012,Panchavati,1,2.0014134714408747,0.22155312885319015,3,1.9634245029575,0.19371311304113348
PAN_F_013,Panchavati,1,0.6353056359641486,0.541065985714965,3,0.5318751129823122,0.5030014718011073
PAN_F_014,Panchavati,1,1.47659697910157,0.43620188274712834,3,1.4666570617370627,0.3642560953035295
PAN_F_015,Panchavati,1,2.0906132849424024,0.2219949708210926,2,1.3036577771697808,0.18270234925584766
PAN_F_016,Panchavati,1,1.0248280484356362,0.504148308339613,3,0.9688989966400916,0.4575562734538492
PAN_F_017,Panchavati,1,0.7769596138016797,0.5506020027592828,3,0.6582608438879454,0.5192894442350967
PAN_F_018,Panchavati,1,1.8142194819932416,0.33394786296960083,3,1.8947568822864702,0.21487558993368605
PAN_F_019,Panchavati,1,1.0231234700542342,0.5044956941379586,3,0.9662291550655593,0.45829651930571047
PAN_F_020,Panchavati,1,0.8385951442660082,0.4880008809381044,3,0.8755938407510614,0.42764276789478334
PAN_F_022,Panchavati,1,0.8869313131392808,0.517149574839353,3,0.8818787687431926,0.46772890063775713
PAN_F_023,Panchavati,1,0.8869313131392808,0.517149574839353,3,0.8818787687431926,0.46772890063775713
PAN_F_024,Panchavati,1,1.4630288152235396,0.30941893608578935,2,1.3302588510550142,-0.02203100760701628
PAN_F_026,Panchavati,1,0.8117166812952048,0.5485370400384069,3,0.64553304999299,0.5256677694840428
PAN_F_027,Panchavati,0,2.1944940922096894,0.24129681179969256,0,1.1718805755434787,0.36487282659585496
PAN_F_028,Panchavati,1,0.8598926699311294,0.5410972910222482,3,0.6844432818481775,0.5117678061360345
PAN_F_029,Panchavati,1,1.9736973093912762,0.20991621538419983,2,1.9117266334985346,-0.017059479286664524
PAN_F_030,Panchavati,1,1.9736973093912762,0.20991621538419983,2,1.9117266334985346,-0.017059479286664524
PAN_F_031,Panchavati,0,2.1953397317389767,0.3183862501852852,0,1.7591332837150013,0.15863959941360237
PAN_F_032,Panchavati,1,1.7254618520047964,0.25719483106048996,2,1.4847905755947637,0.025857677920443033
PAN_F_033,Panchavati,0,2.123911731586373,0.146028892959474,2,1.912602802213391,0.08471241388887511
PAN_F_034,Panchavati,1,0.6820009181125007,0.5195443210889483,3,0.6345730070573546,0.4567444554389406
PAN_F_035,Panchavati,1,1.4630288152235396,0.30941893608578935,2,1.3302588510550142,-0.02203100760701628
PAN_F_036,Panchavati,1,1.4630288152236428,0.30941893608577653,2,1.330258851055052,-0.022031007606994103
PAN_F_038,Panchavati,1,1.2176432975933293,0.4332882434660868,3,1.2739790159769868,0.32189598792444035
PAN_R_001,Panchavati,1,1.1272232643377318,0.5297645145512292,3,0.9504086528386572,0.5093578033151839
PAN_R_002,Panchavati,1,1.1272232643377318,0.5297645145512292,3,0.9504086528386572,0.5093578033151839
PAN_R_003,Panchavati,0,1.587393710936995,0.09548430563761685,0,1.6365254501133395,-0.04457361094548476
PAN_R_004,Panchavati,0,3.114929483638795,0.19581784214817702,1,3.0841548218945336,0.1654751878112947
PAN_R_005,Panchavati,1,2.8683492895822833,0.32235802139403824,3,2.744080184499552,0.27522531865657024
PAN_R_006,Panchavati,0,2.9981831219361093,0.22531288008210876,0,1.841031554528005,0.3808397889311724
PAN_R_007,Panchavati,1,1.2364638708856408,0.5110875911363214,3,1.0683096216725478,0.4835353630204753
PAN_R_008,Panchavati,1,0.7374752367569607,0.5287322119478386,3,0.6653963315377089,0.4811973177708787
PAN_R_009,Panchavati,1,0.8869313131392808,0.517149574839353,3,0.8818787687431926,0.46772890063775713
PAN_R_010,Panchavati,1,0.8869313131392808,0.517149574839353,3,0.8818787687431926,0.46772890063775713
PAN_R_011,Panchavati,0,3.206217904219052,0.0976811227820163,0,2.251472218954007,0.2733485141855244
PAN_R_012,Panchavati,0,2.170236738391006,0.001530675379291993,0,1.5884717982126724,0.2090824364614905
NR_F_002,Nashik Road,1,1.8610486932011676,0.4336726478931235,3,1.7218336638282947,0.3956263562235911
NR_F_003,Nashik Road,1,0.8849928045061735,0.5050692275442419,3,0.7870087039344151,0.44437322729851425
NR_F_005,Nashik Road,1,1.3338688511095647,0.4392041920187575,3,1.3044163716416093,0.3896799851528745
NR_F_006,Nashik Road,1,1.3338688511095647,0.4392041920187575,3,1.3044163716416093,0.3896799851528745
NR_F_007,Nashik Road,1,1.3338688511095647,0.4392041920187575,3,1.3044163716416093,0.3896799851528745
NR_F_008,Nashik Road,1,1.5731463755158428,0.22522357711524146,1,1.322795058029075,0.02430811444181489
NR_F_009,Nashik Road,1,1.3338688511098034,0.43920419201871935,3,1.3044163716418968,0.389679985152813
NR_F_010,Nashik Road,1,1.6940008109261375,0.3280578332480224,3,1.782552702610663,0.20398427426653956
NR_F_011,Nashik Road,1,2.3568477880043996,0.18489858680688745,2,1.7777099044956837,0.14963815765882035
NR_F_013,Nashik Road,1,1.3945162322716056,0.423149737045153,3,1.379502030813877,0.3548810339798609
NR_F_014,Nashik Road,1,0.8869313131392808,0.517149574839353,3,0.8818787687431926,0.46772890063775713
NR_F_015,Nashik Road,1,1.3945162322716056,0.423149737045153,3,1.379502030813877,0.3548810339798609
NR_F_016,Nashik Road,1,1.6940008109261375,0.3280578332480224,3,1.782552702610663,0.20398427426653956
NR_F_017,Nashik Road,1,1.1674325367334109,0.520756118876085,3,0.9963720602620142,0.4947903963455108
NR_F_018,Nashik Road,1,1.9736973093912762,0.20991621538419983,2,1.9117266334985346,-0.017059479286664524
NR_F_019,Nashik Road,1,1.8142194819932416,0.33394786296960083,3,1.8947568822864702,0.21487558993368605
NR_F_020,Nashik Road,0,2.123911731586373,0.146028892959474,2,1.912602802213391,0.08471241388887511
NR_F_021,Nashik Road,1,0.9039240170839675,0.5160431485521815,3,0.7851560799790963,0.46614562604564924
NR_F_022,Nashik Road,1,1.005575455511156,0.4989749817594871,3,0.9778076312903033,0.44384422650237465
NR_F_023,Nashik Road,0,3.0907654857650524,-0.0356378231426819,2,2.011741065461707,0.2816736734806911
NR_F_024,Nashik Road,1,0.9793451260636826,0.48469926406290176,3,0.9430858256697026,0.43072151415416754
NR_F_025,Nashik Road,1,1.0755291549547752,0.528976563171974,3,0.9162744965860331,0.5064889363021323
NR_F_026,Nashik Road,1,1.0755291549547752,0.528976563171974,3,0.9162744965860331,0.5064889363021323
NR_F_027,Nashik Road,1,1.0755291549547752,0.528976563171974,3,0.9162744965860331,0.5064889363021323
NR_F_028,Nashik Road,1,1.8142194819932416,0.33394786296960083,3,1.8947568822864702,0.21487558993368605
NR_F_029,Nashik Road,1,1.9736973093912762,0.20991621538419983,2,1.9117266334985346,-0.017059479286664524
NR_F_032,Nashik Road,1,1.5467674435344587,0.3078518827846592,2,1.0769761824847939,0.055789283056194267
NR_F_033,Nashik Road,1,1.5826813921673786,0.3819373042255532,3,1.595616865542643,0.30995460202175285
NR_F_034,Nashik Road,0,1.3699043656758454,0.022295123093648873,1,1.5095140262578097,0.16154045029118075
NR_F_035,Nashik Road,1,1.1674325367333171,0.5207561188760959,3,0.9963720602619193,0.49479039634552374
NR_F_036,Nashik Road,1,1.1674325367333171,0.5207561188760959,3,0.9963720602619193,0.49479039634552374
NR_F_037,Nashik Road,1,1.1674325367333171,0.5207561188760959,3,0.9963720602619193,0.49479039634552374
NR_F_038,Nashik Road,1,1.1674325367333171,0.5207561188760959,3,0.9963720602619193,0.49479039634552374
NR_F_039,Nashik Road,1,1.1674325367333171,0.5207561188760959,3,0.9963720602619193,0.49479039634552374
NR_F_040,Nashik Road,1,2.3634058675979084,0.1627628432571788,2,1.815326015908624,0.11944326736049517
NR_F_041,Nashik Road,1,1.1674325367333171,0.5207561188760959,3,0.9963720602619193,0.49479039634552374
NR_F_042,Nashik Road,1,1.1674325367333171,0.5207561188760959,3,0.9963720602619193,0.49479039634552374
NR_F_043,Nashik Road,1,1.1674325367333171,0.5207561188760959,3,0.9963720602619193,0.49479039634552374
NR_R_001,Nashik Road,1,1.8846949981818106,0.2680465282616551,2,1.9305646353102663,-0.0767484676052437
NR_R_002,Nashik Road,1,0.8316501234651436,0.4965247622280714,3,0.814995800558479,0.4218413501164874
NR_R_003,Nashik Road,1,0.8869313131392808,0.517149574839353,3,0.8818787687431926,0.46772890063775713
NR_R_004,Nashik Road,1,0.8598926699311294,0.5410972910222482,3,0.6844432818481775,0.5117678061360345
NR_R_006,Nashik Road,1,1.6749033546605059,0.2688848456405039,2,1.4844819766651036,0.009033257661530623
NR_R_007,Nashik Road,1,1.426344695431281,0.3978856691963901,3,1.390675008613519,0.3476042962249186
NR_R_008,Nashik Road,1,0.8869313131392808,0.517149574839353,3,0.8818787687431926,0.46772890063775713
NN_F_001,New Nashik,1,1.30587268594758,0.4678382809573104,3,1.1774118270692193,0.41316994247833283
NN_F_002,New Nashik,0,1.3209200990219976,0.1976503463354679,1,1.0488452149308003,0.4514470630469195
NN_F_003,New Nashik,0,2.7181134486028125,0.22596362805155623,0,1.4054773780622634,0.3734321933410636
NN_F_004,New Nashik,1,1.005575455511156,0.4989749817594871,3,0.9778076312903033,0.44384422650237465
NN_F_005,New Nashik,1,1.6226282247801183,0.3384730666814242,3,1.5509088712766281,0.29314628047989755
NN_F_006,New Nashik,1,1.30587268594758,0.4678382809573104,3,1.1774118270692193,0.41316994247833283
NN_F_007,New Nashik,1,1.30587268594758,0.4678382809573104,3,1.1774118270692193,0.41316994247833283
NN_F_008,New Nashik,1,1.30587268594758,0.4678382809573104,3,1.1774118270692193,0.41316994247833283
NN_F_009,New Nashik,1,1.30587268594758,0.4678382809573104,3,1.1774118270692193,0.41316994247833283
NN_F_011,New Nashik,1,1.0875126863716331,0.4311333024001239,3,1.1108750934460228,0.37435434683071905
NN_F_012,New Nashik,1,1.30587268594758,0.4678382809573104,3,1.1774118270692193,0.41316994247833283
NN_F_013,New Nashik,0,2.135622221214119,0.058744350794907654,1,1.9079790260659688,0.22763949333692543
NN_R_001,New Nashik,1,2.736645614399547,0.12899124701014728,2,1.6311595791939968,0.26162055615239027
NN_R_002,New Nashik,1,1.7433422842562667,0.42955107105240325,3,1.677814807219153,0.3715328984551749
NN_R_003,New Nashik,1,2.736645614399547,0.12899124701014728,2,1.6311595791939968,0.26162055615239027
NN_R_004,New Nashik,1,1.6309507027849282,0.3770569420339066,3,1.6289505538539575,0.3184324518067224
NN_R_005,New Nashik,0,1.3209200990219976,0.1976503463354679,1,1.0488452149308003,0.4514470630469195
NN_R_006,New Nashik,1,1.0808064505455546,0.4336341125893346,3,1.1904080310488423,0.3233330933378297
NN_R_007,New Nashik,1,1.0652343260187407,0.4648198060235923,3,0.9943845506053741,0.42407866357926843
NN_R_008,New Nashik,1,1.6824322688280227,0.351974834084711,3,1.7185768680528408,0.25675679623579684
NN_R_009,New Nashik,1,0.8869313131392808,0.517149574839353,3,0.8818787687431926,0.46772890063775713
NN_R_012,New Nashik,1,1.4668895744691928,0.3990307375532527,3,1.479238123722594,0.3269080493025958
NN_R_013,New Nashik,1,2.0014134714408747,0.22155312885319015,3,1.9634245029575,0.19371311304113348
NN_R_014,New Nashik,1,0.8316501234651436,0.4965247622280714,3,0.814995800558479,0.4218413501164874
NN_R_015,New Nashik,0,1.8872622161220172,0.08945897116176219,1,1.4530628892260467,0.306064509222107
SAT_F_001,Satpur,1,2.3568477880043996,0.18489858680688745,2,1.7777099044956837,0.14963815765882035
SAT_F_002,Satpur,1,0.7578218219860345,0.5607582330978818,3,0.567817003115347,0.5433361778870663
SAT_F_003,Satpur,1,0.6826434845195412,0.5515301698560747,3,0.5849827958516518,0.5206631263594534
SAT_F_004,Satpur,0,1.3209200990219976,0.1976503463354679,1,1.0488452149308003,0.4514470630469195
SAT_F_005,Satpur,0,1.776518852752343,-0.06534200808272322,1,1.270581187811344,0.20696588679564437
SAT_F_006,Satpur,0,1.835104675259529,0.29326910116398386,1,1.9548173702795475,0.1970171503505809
SAT_F_007,Satpur,1,0.8277169706052309,0.540886629920606,3,0.6623933356221333,0.5106609529039916
SAT_F_008,Satpur,1,1.3786441881378044,0.295415789620907,1,1.2991883876591004,-0.04499038472703877
SAT_F_009,Satpur,0,1.3209200990219976,0.1976503463354679,1,1.0488452149308003,0.4514470630469195
SAT_F_010,Satpur,0,2.059001885939742,0.04156801160436194,1,1.4808418020247833,0.2892345021511024
SAT_F_011,Satpur,0,1.3209200990219976,0.1976503463354679,1,1.0488452149308003,0.4514470630469195
SAT_F_012,Satpur,0,2.8272868504004247,-0.042992530002182644,2,1.9867541572900982,0.24471904945090237
SAT_F_013,Satpur,0,1.3209200990219976,0.1976503463354679,1,1.0488452149308003,0.4514470630469195
SAT_F_014,Satpur,0,1.3209200990219976,0.1976503463354679,1,1.0488452149308003,0.4514470630469195
SAT_F_015,Satpur,1,2.0003523330938116,0.411875853296568,3,1.8666563252411024,0.36867071938072155
SAT_F_016,Satpur,1,1.950565475940274,0.2803254371591965,2,1.7047545694541302,0.0007653247711672025
SAT_F_017,Satpur,0,2.40792444802723,0.09475785324746742,2,2.19941804077773,0.10676932872245043
SAT_F_019,Satpur,1,1.2798613641477279,0.3652473544465335,3,1.4314659540731094,0.2139412549573584
SAT_F_020,Satpur,1,1.8403216329314815,0.29206954339570035,3,1.9267106085862056,0.17094936506145478
SAT_F_021,Satpur,0,1.776518852752343,-0.06534200808272322,1,1.270581187811344,0.20696588679564437
SAT_F_022,Satpur,1,0.8277169706052309,0.540886629920606,3,0.6623933356221333,0.5106609529039916
SAT_F_023,Satpur,1,1.8403216329314815,0.29206954339570035,3,1.9267106085862056,0.17094936506145478
SAT_F_024,Satpur,1,1.7070187877265783,0.2621483916661061,2,1.6310833594169387,-0.047036377359935835
SAT_F_025,Satpur,1,2.0934823319629987,0.24193805112362157,2,1.404785458396474,0.1449566885387686
SAT_R_001,Satpur,1,1.337490342268067,0.48380124358925963,3,1.1828910513725475,0.44237541348316906
SAT_R_002,Satpur,0,2.0221737469824443,0.024786692553273544,1,1.2839444787551315,0.31281636814933544
NV_002,Citywide,0,1.5971271148514041,0.0626815655835996,1,1.5170413795481543,0.20642046658567678
NV_003,Citywide,0,1.432980899570519,0.08757812414098778,1,1.5282344042143197,0.21632285565269382
NV_004,Citywide,0,1.5971271148514041,0.0626815655835996,1,1.5170413795481543,0.20642046658567678
NV_006,Citywide,1,0.6649268171294337,0.5142666310245197,3,0.7377692795512362,0.4330078137326158
NV_008,Citywide,0,2.9752668731514627,0.17039504330276609,2,2.6176070513444833,0.1902540070188977
NV_009,Citywide,0,2.1063651103121317,0.15384505939224755,2,1.950293372932272,0.06655132452346997
NV_010,Citywide,1,2.0906132849424024,0.2219949708210926,2,1.3036577771697808,0.18270234925584766
NV_012,Citywide,0,2.218283218391451,-0.13021604842332374,2,1.1477097924579003,0.24686289170549222
NV_013,Citywide,0,2.6089540226621555,0.25235260181397773,0,1.4786508698141438,0.33775296776251595
NV_014,Citywide,1,0.8512708984047432,0.5075064159547903,3,0.8553503602759571,0.4504922921718892
NV_015,Citywide,1,1.5379133718717968,0.28420727956943714,3,1.6793212058559277,0.15849062237231482
NV_016,Citywide,1,1.5379133718717968,0.28420727956943714,3,1.6793212058559277,0.15849062237231482
NV_017,Citywide,1,1.5379133718717968,0.28420727956943714,3,1.6793212058559277,0.15849062237231482
NV_018,Citywide,1,0.8512708984047432,0.5075064159547903,3,0.8553503602759571,0.4504922921718892
NV_019,Citywide,0,1.7953225899053091,0.030267060826002862,1,1.0842863342790876,0.33035807605504336
NV_020,Citywide,1,2.3568477880043996,0.18489858680688745,2,1.7777099044956837,0.14963815765882035
NV_021,Citywide,1,0.8512708984047432,0.5075064159547903,3,0.8553503602759571,0.4504922921718892
NV_022,Citywide,0,1.5506723295412472,0.18004884780325364,1,1.7766395796722707,0.19652991378016185
NV_024,Citywide,0,2.9752668731514627,0.17039504330276609,2,2.6176070513444833,0.1902540070188977
NV_025,Citywide,0,3.4473394895426113,0.27899219108698164,0,2.999417476185659,0.17057692178134679
NV_026,Citywide,0,3.447339489547919,0.27899219108663226,0,2.9994174761917627,0.1705769217812028
NV_027,Citywide,0,1.5506723295412472,0.18004884780325364,1,1.7766395796722707,0.19652991378016185
NV_028,Citywide,1,0.6057887486477793,0.5554428952528004,3,0.4848225665041782,0.5221461877389781
NV_029,Citywide,0,2.1063651103121317,0.15384505939224755,2,1.950293372932272,0.06655132452346997
NV_030,Citywide,0,1.5963375903453698,-0.01188724041154948,1,0.9849084217181442,0.2926905356681332
NV_031,Citywide,0,1.842219008148551,-0.13860614094062382,1,1.7733441676027863,-0.019094018964141275
NV_032,Citywide,1,0.6353056359650052,0.5410659857148401,3,0.5318751129837596,0.5030014718009359
NV_033,Citywide,1,1.6132945414972235,0.21912513902635564,1,1.210008215830813,0.07463223359101549
NV_034,Citywide,1,1.47659697910157,0.43620188274712834,3,1.4666570617370627,0.3642560953035295
NV_035,Citywide,1,2.2945588955722354,0.3661212817418869,3,2.223947394320229,0.3166878739636245
NV_037,Citywide,1,0.6353056359650052,0.5410659857148401,3,0.5318751129837596,0.5030014718009359
NV_038,Citywide,0,1.8684198743937492,0.19352768365473802,0,1.8362548370182226,0.09058834320896143
NV_039,Citywide,0,2.1584958582962392,0.2353591837265852,0,1.9745637145789772,0.1331119077224766
NV_040,Citywide,1,2.0425382264792287,0.2526959077727719,2,2.0305301715501693,-0.06667936659908259
NV_041,Citywide,0,2.1239117315865257,0.14602889295947122,2,1.9126028022134882,0.08471241388889057
NV_043,Citywide,0,1.4885076028576048,0.028686271695386362,1,1.6379714079016283,0.15664486218194887
NV_044,Citywide,0,1.837253981582674,0.08596483448404055,0,1.6931393305923874,0.04879450575605753
NV_046,Citywide,1,0.743369845708465,0.5491363015472449,3,0.6361165613793499,0.5199842285160629
NV_047,Citywide,1,1.1198882462266948,0.4303573961742875,3,1.1968806308494795,0.3249392756374027
NV_049,Citywide,0,3.447339489547919,0.27899219108663226,0,2.9994174761917627,0.1705769217812028
NV_050,Citywide,0,2.4777876881281076,0.3065324446699619,0,1.3535691276523727,0.3423939187502481
NV_051,Citywide,0,2.1944940922096894,0.24129681179969256,0,1.1718805755434787,0.36487282659585496
NV_053,Citywide,1,2.8683492895822833,0.32235802139403824,3,2.744080184499552,0.27522531865657024
NV_054,Citywide,0,2.059001885939742,0.04156801160436194,1,1.4808418020247833,0.2892345021511024
NV_055,Citywide,0,1.3209200990219976,0.1976503463354679,1,1.0488452149308003,0.4514470630469195
NV_056,Citywide,0,3.065703495381195,0.25405620773042503,0,1.9810247616705257,0.3588737584367301
NV_057,Citywide,1,1.1153047293837997,0.45609224673706383,3,1.1153909164733793,0.3821298624241498
NV_061,Citywide,1,0.8598926699311294,0.5410972910222482,3,0.6844432818481775,0.5117678061360345
NV_062,Citywide,1,0.8598926699311294,0.5410972910222482,3,0.6844432818481775,0.5117678061360345
NV_063,Citywide,0,1.3699043656700365,0.022295123093586333,1,1.5095140262509879,0.16154045029176753
NV_064,Citywide,0,2.135622221214119,0.058744350794907654,1,1.9079790260659688,0.22763949333692543
NV_065,Citywide,1,1.4668895744691928,0.3990307375532527,3,1.479238123722594,0.3269080493025958
NV_066,Citywide,1,1.2536124166852352,0.4366450701390019,3,1.2661719248446723,0.36935483139113895
NV_067,Citywide,1,1.0808064505455546,0.4336341125893346,3,1.1904080310488423,0.3233330933378297
NV_068,Citywide,1,1.606371430459056,0.3671668782830494,3,1.6406934169193061,0.28944759205095116
NV_069,Citywide,0,2.135622221214119,0.058744350794907654,1,1.9079790260659688,0.22763949333692543
NV_070,Citywide,1,1.5588688478578574,0.35244248600944983,3,1.6532541475178408,0.2217558817661335
NV_071,Citywide,1,1.1198882462266948,0.4303573961742875,3,1.1968806308494795,0.3249392756374027
NV_072,Citywide,1,1.919816537314907,0.31581301150039853,3,2.00121083140777,0.19637942061779723
NV_073,Citywide,1,1.0015180684183975,0.4551372385607503,3,1.08644293655094,0.36326852611252
NV_074,Citywide,1,2.0400755964050843,0.21534103244075023,1,1.984816076095424,-0.04142407078306459
NV_075,Citywide,1,0.8869313131392808,0.517149574839353,3,0.8818787687431926,0.46772890063775713
NV_077,Citywide,1,1.1488459684804146,0.4490857386782681,3,1.1489222244357975,0.3839990301425743
NV_078,Citywide,1,1.378644188137636,0.29541578962089293,1,1.2991883876587826,-0.044990384726976286
NV_079,Citywide,1,1.1623645576265413,0.458231254949759,3,1.241522865071897,0.3366552008368961
NV_080,Citywide,0,1.7656448985711553,-0.086401826544331,1,1.6144374069357936,0.09993261299089416
NV_081,Citywide,1,0.8978402864075967,0.5376408365438182,3,0.7407786082863635,0.5102985677141288
NV_083,Citywide,1,2.7614967189475976,0.32531787388046285,3,2.66904802156884,0.27776481777904016
