k,seed,silhouette,davies_bouldin,calinski_harabasz,inertia,min_cluster_size,max_cluster_size
2,11,0.3159436902058201,1.5380985455422824,94.70582726869863,753.315113288908,83,175
2,23,0.3159436902058201,1.5380985455422824,94.70582726869863,753.315113288908,83,175
2,37,0.3159436902058201,1.5380985455422824,94.70582726869863,753.315113288908,83,175
2,53,0.3159436902058201,1.5380985455422824,94.70582726869863,753.315113288908,83,175
2,71,0.3159436902058201,1.5380985455422824,94.70582726869863,753.315113288908,83,175
4,11,0.30091712676790755,1.5175983871124825,68.49129828687039,570.4959583819679,23,142
4,23,0.3013542103832307,1.4804746383041016,68.06194162413782,572.0997590289751,23,146
4,37,0.2980707803201858,1.515334952617015,68.54824224842123,570.283927450063,23,139
4,53,0.2980707803201858,1.515334952617015,68.54824224842122,570.283927450063,23,139
4,71,0.2980707803201858,1.515334952617015,68.54824224842123,570.283927450063,23,139
