zone_id,business_category,historical_zone_count,historical_same_business_count,smoothed_business_share,citywide_business_share,historical_lift
NE_F_001,vegetable_fruit,32,15,0.47157033173982327,0.4760828625235405,0.9905215433300877
NE_F_001,food,32,13,0.3352527886426191,0.22165725047080978,1.512482844258545
NE_F_001,clothing,32,0,0.021222656815877153,0.055178907721280604,0.3846153846153846
NE_F_001,flower,32,0,0.005504852962480081,0.01431261770244821,0.38461538461538464
NE_F_001,general_goods,32,0,0.047153411560191226,0.12259887005649718,0.38461538461538464
NE_F_001,other,32,3,0.09434303925829349,0.09529190207156309,0.9900425661295226
NE_F_001,unknown,32,1,0.02495291902071563,0.01487758945386064,1.6772151898734178
NE_F_002,vegetable_fruit,3,0,0.41398509784655696,0.4760828625235405,0.8695652173913044
NE_F_002,food,3,2,0.2797019569311389,0.22165725047080978,1.2618669424845774
NE_F_002,clothing,3,0,0.047981658888070086,0.055178907721280604,0.8695652173913043
NE_F_002,flower,3,0,0.01244575452386801,0.01431261770244821,0.8695652173913044
NE_F_002,general_goods,3,1,0.15008597396217147,0.12259887005649718,1.2242035664195552
NE_F_002,other,3,0,0.08286252354048963,0.09529190207156309,0.8695652173913042
NE_F_002,unknown,3,0,0.012937034307704905,0.01487758945386064,0.8695652173913044
NE_F_003,vegetable_fruit,6,4,0.5200637404027234,0.4760828625235405,1.0923807205452774
NE_F_003,food,6,0,0.1705055772852383,0.22165725047080978,0.7692307692307693
NE_F_003,clothing,6,0,0.04244531363175431,0.055178907721280604,0.7692307692307692
NE_F_003,flower,6,0,0.011009705924960162,0.01431261770244821,0.7692307692307693
NE_F_003,general_goods,6,0,0.09430682312038245,0.12259887005649718,0.7692307692307693
NE_F_003,other,6,2,0.15022454005504854,0.09529190207156309,1.57646701124962
NE_F_003,unknown,6,0,0.0114442995798928,0.01487758945386064,0.7692307692307693
NE_F_004,vegetable_fruit,9,2,0.3972985258783038,0.4760828625235405,0.8345154954168486
NE_F_004,food,9,3,0.2563153451522826,0.22165725047080978,1.1563589488178596
NE_F_004,clothing,9,0,0.03805441911812455,0.055178907721280604,0.689655172413793
NE_F_004,flower,9,0,0.009870770829274627,0.01431261770244821,0.689655172413793
NE_F_004,general_goods,9,3,0.18799922072861874,0.12259887005649718,1.5334498649292865
NE_F_004,other,9,1,0.10020131177349179,0.09529190207156309,1.0515196946981056
NE_F_004,unknown,9,0,0.01026040651990389,0.01487758945386064,0.6896551724137931
NE_F_005,vegetable_fruit,29,6,0.3167685153157308,0.4760828625235405,0.6653642469646086
NE_F_005,food,29,10,0.294553979784004,0.22165725047080978,1.32887139562707
NE_F_005,clothing,29,3,0.08374649294746148,0.055178907721280604,1.517726544542732
NE_F_005,flower,29,2,0.046658211307121715,0.01431261770244821,3.259935553168636
NE_F_005,general_goods,29,5,0.1520811714516315,0.12259887005649718,1.2404777579234458
NE_F_005,other,29,3,0.1001191437026788,0.09529190207156309,1.0506574171170444
NE_F_005,unknown,29,0,0.00607248549137169,0.01487758945386064,0.40816326530612246
NE_F_007,vegetable_fruit,32,28,0.7215703317398232,0.4760828625235405,1.5156402142161636
NE_F_007,food,32,1,0.10448355787338838,0.22165725047080978,0.4713744199725508
NE_F_007,clothing,32,0,0.021222656815877153,0.055178907721280604,0.3846153846153846
NE_F_007,flower,32,2,0.04396639142401854,0.01431261770244821,3.0718623481781377
NE_F_007,general_goods,32,1,0.06638418079096045,0.12259887005649718,0.5414746543778801
NE_F_007,other,32,0,0.0366507315659858,0.09529190207156309,0.3846153846153846
NE_F_007,unknown,32,0,0.0057221497899464,0.01487758945386064,0.38461538461538464
NE_F_008,vegetable_fruit,132,44,0.35211616612151847,0.4760828625235405,0.7396110926049301
NE_F_008,food,132,51,0.36469174348300126,0.22165725047080978,1.6452958011000314
NE_F_008,clothing,132,3,0.026997224700168503,0.055178907721280604,0.48926710975390697
NE_F_008,flower,132,2,0.01504113390821687,0.01431261770244821,1.0509002770083102
NE_F_008,general_goods,132,13,0.10165774606006543,0.12259887005649718,0.8291899102595198
NE_F_008,other,132,16,0.11780156606204778,0.09529190207156309,1.2362180153942168
NE_F_008,unknown,132,3,0.021694419664981663,0.01487758945386064,1.4581945369753497
NE_F_010,vegetable_fruit,65,51,0.7120194970643625,0.4760828625235405,1.4955789277736413
NE_F_010,food,65,8,0.14627229422842583,0.22165725047080978,0.6599030436303663
NE_F_010,clothing,65,0,0.0129832724050072,0.055178907721280604,0.23529411764705882
NE_F_010,flower,65,1,0.015132380635870166,0.01431261770244821,1.0572755417956656
NE_F_010,general_goods,65,5,0.08767032236623463,0.12259887005649718,0.7150989428029276
NE_F_010,other,65,0,0.022421624016838372,0.09529190207156309,0.23529411764705882
NE_F_010,unknown,65,0,0.003500609283261327,0.01487758945386064,0.23529411764705882
NE_F_011,vegetable_fruit,105,43,0.4201732580037665,0.4760828625235405,0.8825632911392405
NE_F_011,food,105,35,0.31546516007532954,0.22165725047080978,1.42321155480034
NE_F_011,clothing,105,0,0.008828625235404897,0.055178907721280604,0.16
NE_F_011,flower,105,2,0.018290018832391713,0.01431261770244821,1.2778947368421052
NE_F_011,general_goods,105,15,0.13961581920903957,0.12259887005649718,1.1388018433179725
NE_F_011,other,105,7,0.07124670433145008,0.09529190207156309,0.7476679841897232
NE_F_011,unknown,105,3,0.026380414312617704,0.01487758945386064,1.7731645569620254
NE_F_012,vegetable_fruit,30,22,0.6304331450094162,0.4760828625235405,1.3242088607594935
NE_F_012,food,30,5,0.1886629001883239,0.22165725047080978,0.8511469838572643
NE_F_012,clothing,30,0,0.02207156308851224,0.055178907721280604,0.4
NE_F_012,flower,30,0,0.0057250470809792845,0.01431261770244821,0.4
NE_F_012,general_goods,30,3,0.10903954802259888,0.12259887005649718,0.8894009216589862
NE_F_012,other,30,0,0.03811676082862523,0.09529190207156309,0.39999999999999997
NE_F_012,unknown,30,0,0.005951035781544256,0.01487758945386064,0.39999999999999997
NE_F_014,vegetable_fruit,16,9,0.5144904791797447,0.4760828625235405,1.0806742264416314
NE_F_014,food,16,2,0.1786984724837832,0.22165725047080978,0.8061927688095912
NE_F_014,clothing,16,1,0.058432726511822554,0.055178907721280604,1.0589685248388319
NE_F_014,flower,16,0,0.007951454279137895,0.01431261770244821,0.5555555555555556
NE_F_014,general_goods,16,2,0.12366603892027622,0.12259887005649718,1.008704557091654
NE_F_014,other,16,2,0.10849550115086838,0.09529190207156309,1.1385595081247255
NE_F_014,unknown,16,0,0.008265327474367022,0.01487758945386064,0.5555555555555556
NE_F_016,vegetable_fruit,17,7,0.4465312770397516,0.4760828625235405,0.9379276428327061
NE_F_016,food,17,7,0.3090039191734107,0.22165725047080978,1.394061861351581
NE_F_016,clothing,17,0,0.02982643660609762,0.055178907721280604,0.5405405405405405
NE_F_016,flower,17,0,0.007736550109431465,0.01431261770244821,0.5405405405405406
NE_F_016,general_goods,17,0,0.06626965948999848,0.12259887005649718,0.5405405405405406
NE_F_016,other,17,3,0.13259021733598003,0.09529190207156309,1.3914111740198696
NE_F_016,unknown,17,0,0.008041940245330077,0.01487758945386064,0.5405405405405406
NE_R_001,vegetable_fruit,3,2,0.5009416195856874,0.4760828625235405,1.0522151898734178
NE_R_001,food,3,0,0.1927454351920085,0.22165725047080978,0.8695652173913044
NE_R_001,clothing,3,0,0.047981658888070086,0.055178907721280604,0.8695652173913043
NE_R_001,flower,3,0,0.01244575452386801,0.01431261770244821,0.8695652173913044
NE_R_001,general_goods,3,0,0.10660771309260625,0.12259887005649718,0.8695652173913044
NE_R_001,other,3,1,0.12634078441005486,0.09529190207156309,1.3258291802715243
NE_R_001,unknown,3,0,0.012937034307704905,0.01487758945386064,0.8695652173913044
NE_R_002,vegetable_fruit,2,1,0.4782571477486732,0.4760828625235405,1.0045670310701957
NE_R_002,food,2,0,0.2015065913370998,0.22165725047080978,0.9090909090909091
NE_R_002,clothing,2,0,0.05016264338298237,0.055178907721280604,0.9090909090909091
NE_R_002,flower,2,0,0.013011470638589283,0.01431261770244821,0.9090909090909092
NE_R_002,general_goods,2,0,0.11145351823317927,0.12259887005649718,0.9090909090909092
NE_R_002,other,2,1,0.13208354733778463,0.09529190207156309,1.386094143011139
NE_R_002,unknown,2,0,0.01352508132169149,0.01487758945386064,0.9090909090909091
NN_F_002,vegetable_fruit,22,8,0.41718231548740026,0.4760828625235405,0.876280892103677
NN_F_002,food,22,7,0.27221773831943324,0.22165725047080978,1.2281021159525833
NN_F_002,clothing,22,0,0.026275670343466954,0.055178907721280604,0.47619047619047616
NN_F_002,flower,22,1,0.03062505604878486,0.01431261770244821,2.139724310776942
NN_F_002,general_goods,22,3,0.12980898574118913,0.12259887005649718,1.0588106210226025
NN_F_002,other,22,3,0.11680566765312526,0.09529190207156309,1.2257669866365517
NN_F_002,unknown,22,0,0.007084566406600305,0.01487758945386064,0.4761904761904762
NN_F_004,vegetable_fruit,6,1,0.40467912501810804,0.4760828625235405,0.8500182570593963
NN_F_004,food,6,3,0.28589019266985366,0.22165725047080978,1.2897849813737663
NN_F_004,clothing,6,0,0.04244531363175431,0.055178907721280604,0.7692307692307692
NN_F_004,flower,6,0,0.011009705924960162,0.01431261770244821,0.7692307692307693
NN_F_004,general_goods,6,2,0.17122990004345937,0.12259887005649718,1.3966678482807515
NN_F_004,other,6,0,0.0733014631319716,0.09529190207156309,0.7692307692307692
NN_F_004,unknown,6,0,0.0114442995798928,0.01487758945386064,0.7692307692307693
NN_F_011,vegetable_fruit,27,1,0.22386504788235764,0.4760828625235405,0.47022286560732557
NN_F_011,food,27,18,0.4773009576471531,0.22165725047080978,2.1533288743469696
NN_F_011,clothing,27,0,0.023480386264374722,0.055178907721280604,0.42553191489361697
NN_F_011,flower,27,0,0.006090475618063068,0.01431261770244821,0.425531914893617
NN_F_011,general_goods,27,3,0.11599951917297753,0.12259887005649718,0.9461711932542406
NN_F_011,other,27,5,0.1469327242857715,0.09529190207156309,1.5419224623664955
NN_F_011,unknown,27,0,0.0063308891293024,0.01487758945386064,0.42553191489361697
NN_F_015,vegetable_fruit,100,73,0.6876804770872568,0.4760828625235405,1.4444554324894516
NN_F_015,food,100,10,0.12027620841180163,0.22165725047080978,0.5426224865477202
NN_F_015,clothing,100,1,0.017529817953546765,0.055178907721280604,0.3176905574516496
NN_F_015,flower,100,1,0.010718769617074702,0.01431261770244821,0.7489035087719298
NN_F_015,general_goods,100,9,0.0954331450094162,0.12259887005649718,0.7784178187403994
NN_F_015,other,100,5,0.05754865034526051,0.09529190207156309,0.6039196310935441
NN_F_015,unknown,100,1,0.01081293157564344,0.01487758945386064,0.7267932489451477
NN_R_001,vegetable_fruit,165,122,0.7109278770295719,0.4760828625235405,1.493286007526514
NN_R_001,food,165,13,0.09423321626711456,0.22165725047080978,0.42513031298078025
NN_R_001,clothing,165,6,0.03839771975365196,0.055178907721280604,0.6958767641361497
NN_R_001,flower,165,2,0.012358120832697102,0.01431261770244821,0.8634423897581792
NN_R_001,general_goods,165,18,0.110551229195297,0.12259887005649718,0.9017312243118695
NN_R_001,other,165,2,0.021112638061790603,0.09529190207156309,0.221557525905352
NN_R_001,unknown,165,2,0.012419198859876825,0.01487758945386064,0.8347588094423537
NN_R_003,vegetable_fruit,3,3,0.5444198804552526,0.4760828625235405,1.1435401761144743
NN_R_003,food,3,0,0.1927454351920085,0.22165725047080978,0.8695652173913044
NN_R_003,clothing,3,0,0.047981658888070086,0.055178907721280604,0.8695652173913043
NN_R_003,flower,3,0,0.01244575452386801,0.01431261770244821,0.8695652173913044
NN_R_003,general_goods,3,0,0.10660771309260625,0.12259887005649718,0.8695652173913044
NN_R_003,other,3,0,0.08286252354048963,0.09529190207156309,0.8695652173913042
NN_R_003,unknown,3,0,0.012937034307704905,0.01487758945386064,0.8695652173913044
NN_R_005,vegetable_fruit,117,65,0.5439537025581811,0.4760828625235405,1.142560981243648
NN_R_005,food,117,12,0.11994996357238098,0.22165725047080978,0.541150642794684
NN_R_005,clothing,117,2,0.02265385514179279,0.055178907721280604,0.4105528013751526
NN_R_005,flower,117,0,0.0020894332412333154,0.01431261770244821,0.145985401459854
NN_R_005,general_goods,117,20,0.16388304672357623,0.12259887005649718,1.3367419018466817
NN_R_005,other,117,15,0.12340027767468076,0.09529190207156309,1.2949712933844957
NN_R_005,unknown,117,3,0.024069721088154836,0.01487758945386064,1.6178508731405339
NN_R_014,vegetable_fruit,31,3,0.24552269118570216,0.4760828625235405,0.5157141970712336
NN_R_014,food,31,13,0.34182637273365085,0.22165725047080978,1.5421393706165558
NN_R_014,clothing,31,10,0.2177172187142277,0.055178907721280604,3.945660175332932
NN_R_014,flower,31,0,0.005612791255862043,0.01431261770244821,0.39215686274509803
NN_R_014,general_goods,31,3,0.10690151766921459,0.12259887005649718,0.8719616879009668
NN_R_014,other,31,1,0.05697721649865219,0.09529190207156309,0.5979229636518639
NN_R_014,unknown,31,1,0.025442191942690446,0.01487758945386064,1.7101017622238768
NN_R_015,vegetable_fruit,77,68,0.7991923427883588,0.4760828625235405,1.6786832833094087
NN_R_015,food,77,4,0.0869396392723319,0.22165725047080978,0.392225560353511
NN_R_015,clothing,77,0,0.011377094375521774,0.055178907721280604,0.2061855670103093
NN_R_015,flower,77,0,0.0029510551963810743,0.01431261770244821,0.20618556701030927
NN_R_015,general_goods,77,3,0.056205952588968495,0.12259887005649718,0.4584540833293743
NN_R_015,other,77,2,0.04026637156114703,0.09529190207156309,0.4225581679638156
NN_R_015,unknown,77,0,0.0030675442172908535,0.01487758945386064,0.20618556701030927
NR_F_001,vegetable_fruit,91,62,0.6443392545087461,0.4760828625235405,1.353418291709431
NR_F_001,food,91,14,0.16606436945419994,0.22165725047080978,0.7491943940542071
NR_F_001,clothing,91,3,0.036969172562392905,0.055178907721280604,0.6699873935368816
NR_F_001,flower,91,1,0.011587859045486162,0.01431261770244821,0.8096254148885726
NR_F_001,general_goods,91,6,0.07614394055072023,0.12259887005649718,0.6210819114044921
NR_F_001,other,91,0,0.017169712084966322,0.09529190207156309,0.18018018018018017
NR_F_001,unknown,91,5,0.0477256917934884,0.01487758945386064,3.207891435739537
NR_F_009,vegetable_fruit,43,14,0.37335963889636203,0.4760828625235405,0.7842324693590516
NR_F_009,food,43,25,0.4671927779272412,0.22165725047080978,2.1077261264177154
NR_F_009,clothing,43,0,0.017517113562311303,0.055178907721280604,0.31746031746031744
NR_F_009,flower,43,1,0.02041670403252324,0.01431261770244821,1.4264828738512947
NR_F_009,general_goods,43,2,0.07066630795444355,0.12259887005649718,0.5764026040523736
NR_F_009,other,43,1,0.046124413356051774,0.09529190207156309,0.48403287533722317
NR_F_009,unknown,43,0,0.0047230442710668695,0.01487758945386064,0.31746031746031744
NR_F_010,vegetable_fruit,172,143,0.7943836315128688,0.4760828625235405,1.668582707014768
NR_F_010,food,172,19,0.12204763025737601,0.22165725047080978,0.5506142027754177
NR_F_010,clothing,172,1,0.01095613622096673,0.055178907721280604,0.198556598407281
NR_F_010,flower,172,0,0.0014908976773383553,0.01431261770244821,0.10416666666666667
NR_F_010,general_goods,172,8,0.054437382297551795,0.12259887005649718,0.4440284178187404
NR_F_010,other,172,0,0.009926239799121155,0.09529190207156309,0.10416666666666666
NR_F_010,unknown,172,1,0.00675808223477715,0.01487758945386064,0.4542457805907173
NR_F_011,vegetable_fruit,7,7,0.6119132314989189,0.4760828625235405,1.285308251289264
NR_F_011,food,7,0,0.16419055590430354,0.22165725047080978,0.7407407407407407
NR_F_011,clothing,7,0,0.04087326497872637,0.055178907721280604,0.7407407407407407
NR_F_011,flower,7,0,0.010601939038850526,0.01431261770244821,0.7407407407407407
NR_F_011,general_goods,7,0,0.09081397781962755,0.12259887005649718,0.7407407407407408
NR_F_011,other,7,0,0.07058659412708376,0.09529190207156309,0.7407407407407407
NR_F_011,unknown,7,0,0.011020436632489363,0.01487758945386064,0.7407407407407407
NR_F_014,vegetable_fruit,15,0,0.2720473500134517,0.4760828625235405,0.5714285714285714
NR_F_014,food,15,9,0.383804143126177,0.22165725047080978,1.7315208156329651
NR_F_014,clothing,15,0,0.03153080441216034,0.055178907721280604,0.5714285714285714
NR_F_014,flower,15,1,0.03675006725854183,0.01431261770244821,2.5676691729323307
NR_F_014,general_goods,15,5,0.2129136400322841,0.12259887005649718,1.7366688610928243
NR_F_014,other,15,0,0.05445251546946462,0.09529190207156309,0.5714285714285714
NR_F_014,unknown,15,0,0.008501479687920366,0.01487758945386064,0.5714285714285714
NR_F_017,vegetable_fruit,34,5,0.2689195787124224,0.4760828625235405,0.5648587669948429
NR_F_017,food,34,16,0.37839157424844805,0.22165725047080978,1.707102174391894
NR_F_017,clothing,34,0,0.020436632489363185,0.055178907721280604,0.37037037037037035
NR_F_017,flower,34,0,0.005300969519425263,0.01431261770244821,0.37037037037037035
NR_F_017,general_goods,34,5,0.13799958150240638,0.12259887005649718,1.1256187062638676
NR_F_017,other,34,6,0.14640440817465297,0.09529190207156309,1.53637827550871
NR_F_017,unknown,34,2,0.042547255353281715,0.01487758945386064,2.859821847163619
NR_F_018,vegetable_fruit,135,72,0.5259461758094891,0.4760828625235405,1.1047366271947734
NR_F_018,food,135,28,0.2092460968349432,0.22165725047080978,0.9440074547098967
NR_F_018,clothing,135,17,0.11679727841564912,0.055178907721280604,2.1167015303313885
NR_F_018,flower,135,0,0.0018467893809610595,0.01431261770244821,0.12903225806451613
NR_F_018,general_goods,135,15,0.11259340258793513,0.12259887005649718,0.9183885833209454
NR_F_018,other,135,2,0.02519895510600814,0.09529190207156309,0.2644396276934846
NR_F_018,unknown,135,1,0.008371301865014277,0.01487758945386064,0.5626786443446306
NR_F_019,vegetable_fruit,38,36,0.7848561594908761,0.4760828625235405,1.6485704932343956
NR_F_019,food,38,2,0.11091629326579647,0.22165725047080978,0.5003955116749187
NR_F_019,clothing,38,0,0.019027209559062275,0.055178907721280604,0.3448275862068965
NR_F_019,flower,38,0,0.004935385414637314,0.01431261770244821,0.3448275862068965
NR_F_019,general_goods,38,0,0.04227547243327489,0.12259887005649718,0.3448275862068966
NR_F_019,other,38,0,0.032859276576401066,0.09529190207156309,0.3448275862068966
NR_F_019,unknown,38,0,0.005130203259951945,0.01487758945386064,0.3448275862068966
NR_F_020,vegetable_fruit,85,10,0.18592054524257914,0.4760828625235405,0.3905213984327908
NR_F_020,food,85,10,0.13745852389920185,0.22165725047080978,0.6201399846259659
NR_F_020,clothing,85,21,0.2105102681373868,0.055178907721280604,3.8150495693157813
NR_F_020,flower,85,2,0.02177383194332347,0.01431261770244821,1.5213032581453634
NR_F_020,general_goods,85,19,0.20430454667742803,0.12259887005649718,1.6664472240509107
NR_F_020,other,85,23,0.2371984575374406,0.09529190207156309,2.4891774891774894
NR_F_020,unknown,85,0,0.002833826562640122,0.01487758945386064,0.19047619047619047
NR_F_021,vegetable_fruit,63,15,0.29544165362013025,0.4760828625235405,0.6205677138935489
NR_F_021,food,63,5,0.1136523495110385,0.22165725047080978,0.5127391469019664
NR_F_021,clothing,63,1,0.02534431511356159,0.055178907721280604,0.45931164932768614
NR_F_021,flower,63,8,0.0998343657114333,0.01431261770244821,6.975269499048826
NR_F_021,general_goods,63,10,0.15002382410999934,0.12259887005649718,1.2236966298373217
NR_F_021,other,63,23,0.30007033784856946,0.09529190207156309,3.1489594742606797
NR_F_021,unknown,63,1,0.015633154085267623,0.01487758945386064,1.050785420161659
NR_F_029,vegetable_fruit,14,4,0.39769580148443556,0.4760828625235405,0.835349962769918
NR_F_029,food,14,7,0.3362689708651822,0.22165725047080978,1.5170673197061322
NR_F_029,clothing,14,1,0.061869945718400356,0.055178907721280604,1.121260791005822
NR_F_029,flower,14,0,0.008419186883793065,0.01431261770244821,0.5882352941176471
NR_F_029,general_goods,14,0,0.07211698238617481,0.12259887005649718,0.5882352941176471
NR_F_029,other,14,2,0.11487758945386063,0.09529190207156309,1.2055335968379446
NR_F_029,unknown,14,0,0.008751523208153318,0.01487758945386064,0.5882352941176471
NR_F_034,vegetable_fruit,26,9,0.40264472283632197,0.4760828625235405,0.8457450467804073
NR_F_034,food,26,12,0.35724228281339554,0.22165725047080978,1.611687783975472
NR_F_034,clothing,26,1,0.04572995987881765,0.055178907721280604,0.828757975960825
NR_F_034,flower,26,0,0.006222877261934005,0.01431261770244821,0.4347826086956522
NR_F_034,general_goods,26,1,0.07504298698108573,0.12259887005649718,0.6121017832097776
NR_F_034,other,26,3,0.10664865307459263,0.09529190207156309,1.119178553015982
NR_F_034,unknown,26,0,0.0064685171538524525,0.01487758945386064,0.4347826086956522
NW_F_001,vegetable_fruit,29,7,0.33717667858103695,0.4760828625235405,0.7082310772410231
NW_F_001,food,29,13,0.3557784695799223,0.22165725047080978,1.605083834723354
NW_F_001,clothing,29,4,0.10415465621276761,0.055178907721280604,1.8875809709549352
NW_F_001,flower,29,1,0.026250048041815594,0.01431261770244821,1.8340494092373791
NW_F_001,general_goods,29,3,0.11126484492101926,0.12259887005649718,0.9075519608765166
NW_F_001,other,29,0,0.038894653906760446,0.09529190207156309,0.40816326530612246
NW_F_001,unknown,29,1,0.026480648756677813,0.01487758945386064,1.7799018341513821
NW_F_002,vegetable_fruit,32,11,0.39464725481674634,0.4760828625235405,0.8289465676728335
NW_F_002,food,32,6,0.20063740402723454,0.22165725047080978,0.9051695967583818
NW_F_002,clothing,32,4,0.09814573373895409,0.055178907721280604,1.778682068784458
NW_F_002,flower,32,2,0.04396639142401854,0.01431261770244821,3.0718623481781377
NW_F_002,general_goods,32,7,0.18176879617557587,0.12259887005649718,1.4826302729528538
NW_F_002,other,32,0,0.0366507315659858,0.09529190207156309,0.3846153846153846
NW_F_002,unknown,32,2,0.04418368825148486,0.01487758945386064,2.9698149951314505
NW_F_003,vegetable_fruit,104,30,0.31872304234250654,0.4760828625235405,0.6694696815026542
NW_F_003,food,104,30,0.2776866533017435,0.22165725047080978,1.2527749609449943
NW_F_003,clothing,104,13,0.11373853350343235,0.055178907721280604,2.061268303423979
NW_F_003,flower,104,3,0.026502035113298097,0.01431261770244821,1.8516553480475382
NW_F_003,general_goods,104,20,0.1810643338800802,0.12259887005649718,1.4768841980080274
NW_F_003,other,104,5,0.055692242269606944,0.09529190207156309,0.5844383526711717
NW_F_003,unknown,104,3,0.026593159589332362,0.01487758945386064,1.787464271131074
NW_F_004,vegetable_fruit,101,36,0.3762120433923207,0.4760828625235405,0.7902238727900408
NW_F_004,food,101,10,0.11928219016046443,0.22165725047080978,0.5381380031878217
NW_F_004,clothing,101,15,0.13308742276384802,0.055178907721280604,2.411925648041068
NW_F_004,flower,101,6,0.051952498793793093,0.01431261770244821,3.6298390604610704
NW_F_004,general_goods,101,25,0.2268758462903301,0.12259887005649718,1.8505541379441672
NW_F_004,other,101,3,0.040544116044886454,0.09529190207156309,0.4254728383366543
NW_F_004,unknown,101,6,0.05204588255435713,0.01487758945386064,3.4982738780207137
NW_F_005,vegetable_fruit,110,26,0.2732435173113139,0.4760828625235405,0.5739410905550146
NW_F_005,food,110,24,0.21871650007243226,0.22165725047080978,0.9867328932749494
NW_F_005,clothing,110,14,0.11618137041865856,0.055178907721280604,2.1055395116828564
NW_F_005,flower,110,4,0.032971171954222805,0.01431261770244821,2.303643724696357
NW_F_005,general_goods,110,25,0.2111690569317688,0.12259887005649718,1.7224388514711095
NW_F_005,other,110,13,0.11466029262639432,0.09529190207156309,1.2032532684706598
NW_F_005,unknown,110,4,0.03305809068520933,0.01487758945386064,2.222005842259007
NW_F_006,vegetable_fruit,19,5,0.3723501859095079,0.4760828625235405,0.7821121389159363
NW_F_006,food,19,7,0.29315756434400503,0.22165725047080978,1.3225715094873975
NW_F_006,clothing,19,2,0.07957892703655416,0.055178907721280604,1.4421983022665616
NW_F_006,flower,19,0,0.007339803949973441,0.01431261770244821,0.5128205128205128
NW_F_006,general_goods,19,4,0.16543531797769087,0.12259887005649718,1.349403284887156
NW_F_006,other,19,0,0.04886764208798107,0.09529190207156309,0.5128205128205128
NW_F_006,unknown,19,1,0.03327055869428751,0.01487758945386064,2.236286919831224
NW_F_007,vegetable_fruit,36,9,0.330743879472693,0.4760828625235405,0.6947191455696202
NW_F_007,food,36,9,0.23987758945386065,0.22165725047080978,1.0822005097706033
NW_F_007,clothing,36,5,0.10899246704331451,0.055178907721280604,1.975255972696246
NW_F_007,flower,36,4,0.07654022060801723,0.01431261770244821,5.347744360902256
NW_F_007,general_goods,36,6,0.15092816787732044,0.12259887005649718,1.231073074391047
NW_F_007,other,36,1,0.051889965025558246,0.09529190207156309,0.5445369847543761
NW_F_007,unknown,36,2,0.04102771051923594,0.01487758945386064,2.7576853526220613
NW_F_009,vegetable_fruit,13,4,0.40974718940820637,0.4760828625235405,0.8606635980053702
NW_F_009,food,13,2,0.19494378816412714,0.22165725047080978,0.8794830205195541
NW_F_009,clothing,13,4,0.1546538834674428,0.055178907721280604,2.8027717447512672
NW_F_009,flower,13,0,0.008674313759059521,0.01431261770244821,0.6060606060606061
NW_F_009,general_goods,13,3,0.16521143639787708,0.12259887005649718,1.3475771540287669
NW_F_009,other,13,0,0.05775266792215945,0.09529190207156309,0.6060606060606061
NW_F_009,unknown,13,0,0.009016720881127661,0.01487758945386064,0.6060606060606061
NW_F_010,vegetable_fruit,36,8,0.31288673661555017,0.4760828625235405,0.6572106690777577
NW_F_010,food,36,14,0.32916330373957486,0.22165725047080978,1.4850103167860176
NW_F_010,clothing,36,3,0.07327818132902879,0.055178907721280604,1.3280107264748904
NW_F_010,flower,36,1,0.022968792036588644,0.01431261770244821,1.6047932330827066
NW_F_010,general_goods,36,5,0.13307102502017756,0.12259887005649718,1.0854180381830152
NW_F_010,other,36,3,0.08760425073984394,0.09529190207156309,0.9193252399774138
NW_F_010,unknown,36,2,0.04102771051923594,0.01487758945386064,2.7576853526220613
NW_F_012,vegetable_fruit,13,5,0.44005021971123665,0.4760828625235405,0.9243143459915611
NW_F_012,food,13,5,0.28585287907321805,0.22165725047080978,1.2896166422079762
NW_F_012,clothing,13,0,0.033441762255321576,0.055178907721280604,0.6060606060606061
NW_F_012,flower,13,0,0.008674313759059521,0.01431261770244821,0.6060606060606061
NW_F_012,general_goods,13,3,0.16521143639787708,0.12259887005649718,1.3475771540287669
NW_F_012,other,13,0,0.05775266792215945,0.09529190207156309,0.6060606060606061
NW_F_012,unknown,13,0,0.009016720881127661,0.01487758945386064,0.6060606060606061
NW_F_013,vegetable_fruit,25,3,0.2782590500104624,0.4760828625235405,0.5844760900140646
NW_F_013,food,25,6,0.23184766687591546,0.22165725047080978,1.04597375625413
NW_F_013,clothing,25,1,0.046746181209458046,0.055178907721280604,0.8471748198710656
NW_F_013,flower,25,0,0.006361163423310316,0.01431261770244821,0.4444444444444445
NW_F_013,general_goods,25,1,0.07671060891399875,0.12259887005649718,0.6257040450588838
NW_F_013,other,25,13,0.33124084536513915,0.09529190207156309,3.4760649978041283
NW_F_013,unknown,25,1,0.02883448420171584,0.01487758945386064,1.9381153305203938
NW_F_017,vegetable_fruit,57,17,0.3444371071489716,0.4760828625235405,0.7234814236396515
NW_F_017,food,57,15,0.25237850661579475,0.22165725047080978,1.138598020501164
NW_F_017,clothing,57,13,0.1831633526548781,0.055178907721280604,3.3194450600593948
NW_F_017,flower,57,0,0.003717563039596938,0.01431261770244821,0.25974025974025977
NW_F_017,general_goods,57,10,0.16171399222246682,0.12259887005649718,1.3190496139804897
NW_F_017,other,57,0,0.02475114339521119,0.09529190207156309,0.2597402597402597
NW_F_017,unknown,57,2,0.029838334923080686,0.01487758945386064,2.005589347361499
NW_F_023,vegetable_fruit,37,10,0.3424852149205405,0.4760828625235405,0.7193815234288252
NW_F_023,food,37,7,0.2005814913932666,0.22165725047080978,0.9049173485966403
NW_F_023,clothing,37,4,0.08953645884957215,0.055178907721280604,1.6226573259086283
NW_F_023,flower,37,0,0.005021971123666038,0.01431261770244821,0.3508771929824561
NW_F_023,general_goods,37,14,0.2886311824759639,0.12259887005649718,2.354272778720996
NW_F_023,other,37,2,0.06852347441107477,0.09529190207156309,0.7190902156577215
NW_F_023,unknown,37,0,0.005220206825916014,0.01487758945386064,0.3508771929824561
NW_F_024,vegetable_fruit,2,0,0.4328026022941277,0.4760828625235405,0.9090909090909091
NW_F_024,food,2,1,0.24696113679164525,0.22165725047080978,1.11415771993512
NW_F_024,clothing,2,1,0.09561718883752782,0.055178907721280604,1.7328575860999067
NW_F_024,flower,2,0,0.013011470638589283,0.01431261770244821,0.9090909090909092
NW_F_024,general_goods,2,0,0.11145351823317927,0.12259887005649718,0.9090909090909092
NW_F_024,other,2,0,0.08662900188323917,0.09529190207156309,0.9090909090909092
NW_F_024,unknown,2,0,0.01352508132169149,0.01487758945386064,0.9090909090909091
NW_F_025,vegetable_fruit,41,6,0.2544533975487018,0.4760828625235405,0.5344729196928822
NW_F_025,food,41,11,0.2530023772035442,0.22165725047080978,1.1414125938409683
NW_F_025,clothing,41,5,0.10005865826927234,0.055178907721280604,1.8133497454260616
NW_F_025,flower,41,2,0.03747954678768794,0.01431261770244821,2.6186367558239865
NW_F_025,general_goods,41,11,0.22052421969065483,0.12259887005649718,1.7987459394122536
NW_F_025,other,41,4,0.09681701707264363,0.09529190207156309,1.016004665327545
NW_F_025,unknown,41,2,0.03766478342749529,0.01487758945386064,2.531645569620253
NW_F_026,vegetable_fruit,158,139,0.8343913328678135,0.4760828625235405,1.7526178708576305
NW_F_026,food,158,10,0.0810850843225629,0.22165725047080978,0.3658129122793619
NW_F_026,clothing,158,0,0.006199877272054,0.055178907721280604,0.11235955056179775
NW_F_026,flower,158,1,0.0072261368204997985,0.01431261770244821,0.5048787699586044
NW_F_026,general_goods,158,0,0.013775153938932269,0.12259887005649718,0.11235955056179776
NW_F_026,other,158,7,0.05003279798556888,0.09529190207156309,0.5250477417062663
NW_F_026,unknown,158,1,0.007289616792568611,0.01487758945386064,0.4899729768169535
NW_F_027,vegetable_fruit,3,0,0.41398509784655696,0.4760828625235405,0.8695652173913044
NW_F_027,food,3,0,0.1927454351920085,0.22165725047080978,0.8695652173913044
NW_F_027,clothing,3,1,0.0914599197576353,0.055178907721280604,1.65751595192165
NW_F_027,flower,3,0,0.01244575452386801,0.01431261770244821,0.8695652173913044
NW_F_027,general_goods,3,2,0.19356423483173668,0.12259887005649718,1.578841915447806
NW_F_027,other,3,0,0.08286252354048963,0.09529190207156309,0.8695652173913042
NW_F_027,unknown,3,0,0.012937034307704905,0.01487758945386064,0.8695652173913044
PAN_F_001,vegetable_fruit,25,14,0.5227034944549069,0.4760828625235405,1.0979254571026724
PAN_F_001,food,25,4,0.187403222431471,0.22165725047080978,0.8454639856509015
PAN_F_001,clothing,25,0,0.024523958987235823,0.055178907721280604,0.4444444444444444
PAN_F_001,flower,25,0,0.006361163423310316,0.01431261770244821,0.4444444444444445
PAN_F_001,general_goods,25,6,0.18782172002510988,0.12259887005649718,1.5320020481310805
PAN_F_001,other,25,1,0.06457417869847248,0.09529190207156309,0.6776460254721125
PAN_F_001,unknown,25,0,0.006612261979493618,0.01487758945386064,0.4444444444444444
PAN_F_004,vegetable_fruit,73,44,0.5755016908652775,0.4760828625235405,1.2088267319994555
PAN_F_004,food,73,6,0.1121843549399591,0.22165725047080978,0.5061163336713533
PAN_F_004,clothing,73,2,0.03337180811210336,0.055178907721280604,0.6047928364343645
PAN_F_004,flower,73,0,0.0030779823016017656,0.01431261770244821,0.21505376344086022
PAN_F_004,general_goods,73,11,0.14464491829171983,0.12259887005649718,1.1798226054209404
PAN_F_004,other,73,8,0.10651438754227163,0.09529190207156309,1.117769560967317
PAN_F_004,unknown,73,2,0.024704857947066804,0.01487758945386064,1.660541717707908
PAN_F_006,vegetable_fruit,3,0,0.41398509784655696,0.4760828625235405,0.8695652173913044
PAN_F_006,food,3,1,0.23622369606157373,0.22165725047080978,1.065716079937941
PAN_F_006,clothing,3,0,0.047981658888070086,0.055178907721280604,0.8695652173913043
PAN_F_006,flower,3,0,0.01244575452386801,0.01431261770244821,0.8695652173913044
PAN_F_006,general_goods,3,2,0.19356423483173668,0.12259887005649718,1.578841915447806
PAN_F_006,other,3,0,0.08286252354048963,0.09529190207156309,0.8695652173913042
PAN_F_006,unknown,3,0,0.012937034307704905,0.01487758945386064,0.8695652173913044
PAN_F_007,vegetable_fruit,264,135,0.5088790748256015,0.4760828625235405,1.0688876136566234
PAN_F_007,food,264,69,0.2585674120049866,0.22165725047080978,1.166519080498283
PAN_F_007,clothing,264,4,0.017970345614174692,0.055178907721280604,0.3256741816084219
PAN_F_007,flower,264,6,0.022134691387496352,0.01431261770244821,1.546515937731653
PAN_F_007,general_goods,264,24,0.09314076549693642,0.12259887005649718,0.759719607970403
PAN_F_007,other,264,20,0.07713323254025092,0.09529190207156309,0.8094416300172578
PAN_F_007,unknown,264,6,0.022174478130553565,0.01487758945386064,1.4904617578891068
PAN_F_009,vegetable_fruit,304,166,0.5417335100323173,0.4760828625235405,1.1378975230504766
PAN_F_009,food,304,70,0.22973192904140802,0.22165725047080978,1.036428668827423
PAN_F_009,clothing,304,1,0.006492525167980284,0.055178907721280604,0.11766316942653689
PAN_F_009,flower,304,3,0.01014275417916347,0.01431261770244821,0.7086582196231319
PAN_F_009,general_goods,304,29,0.09707400432447513,0.12259887005649718,0.7918017864254423
PAN_F_009,other,304,32,0.10464764827602241,0.09529190207156309,1.0981798662958082
PAN_F_009,unknown,304,3,0.010177628978633373,0.01487758945386064,0.6840912642600406
PAN_F_010,vegetable_fruit,51,41,0.7115726373305747,0.4760828625235405,1.4946403102157246
PAN_F_010,food,51,3,0.10469218323121401,0.22165725047080978,0.4723156269819426
PAN_F_010,clothing,51,0,0.015543354287684677,0.055178907721280604,0.28169014084507044
PAN_F_010,flower,51,2,0.032200737380971324,0.01431261770244821,2.2498146775389176
PAN_F_010,general_goods,51,4,0.09087292114267527,0.12259887005649718,0.7412215226844941
PAN_F_010,other,51,1,0.04092729635818678,0.09529190207156309,0.4294939598062684
PAN_F_010,unknown,51,0,0.004190870268693138,0.01487758945386064,0.28169014084507044
PAN_F_011,vegetable_fruit,21,17,0.6468696890358734,0.4760828625235405,1.3587334053720284
PAN_F_011,food,21,3,0.18129621974185842,0.22165725047080978,0.8179124272126324
PAN_F_011,clothing,21,0,0.026916540351844195,0.055178907721280604,0.4878048780487805
PAN_F_011,flower,21,0,0.006981764732901566,0.01431261770244821,0.48780487804878053
PAN_F_011,general_goods,21,1,0.08419457075926692,0.12259887005649718,0.6867483421377993
PAN_F_011,other,21,0,0.046483854669055163,0.09529190207156309,0.4878048780487805
PAN_F_011,unknown,21,0,0.007257360709200312,0.01487758945386064,0.4878048780487805
PAN_F_013,vegetable_fruit,3,0,0.41398509784655696,0.4760828625235405,0.8695652173913044
PAN_F_013,food,3,1,0.23622369606157373,0.22165725047080978,1.065716079937941
PAN_F_013,clothing,3,0,0.047981658888070086,0.055178907721280604,0.8695652173913043
PAN_F_013,flower,3,0,0.01244575452386801,0.01431261770244821,0.8695652173913044
PAN_F_013,general_goods,3,1,0.15008597396217147,0.12259887005649718,1.2242035664195552
PAN_F_013,other,3,1,0.12634078441005486,0.09529190207156309,1.3258291802715243
PAN_F_013,unknown,3,0,0.012937034307704905,0.01487758945386064,0.8695652173913044
PAN_F_016,vegetable_fruit,2,1,0.4782571477486732,0.4760828625235405,1.0045670310701957
PAN_F_016,food,2,0,0.2015065913370998,0.22165725047080978,0.9090909090909091
PAN_F_016,clothing,2,0,0.05016264338298237,0.055178907721280604,0.9090909090909091
PAN_F_016,flower,2,0,0.013011470638589283,0.01431261770244821,0.9090909090909092
PAN_F_016,general_goods,2,0,0.11145351823317927,0.12259887005649718,0.9090909090909092
PAN_F_016,other,2,1,0.13208354733778463,0.09529190207156309,1.386094143011139
PAN_F_016,unknown,2,0,0.01352508132169149,0.01487758945386064,0.9090909090909091
PAN_F_020,vegetable_fruit,6,1,0.40467912501810804,0.4760828625235405,0.8500182570593963
PAN_F_020,food,6,3,0.28589019266985366,0.22165725047080978,1.2897849813737663
PAN_F_020,clothing,6,0,0.04244531363175431,0.055178907721280604,0.7692307692307692
PAN_F_020,flower,6,0,0.011009705924960162,0.01431261770244821,0.7692307692307693
PAN_F_020,general_goods,6,1,0.1327683615819209,0.12259887005649718,1.0829493087557602
PAN_F_020,other,6,1,0.11176300159351006,0.09529190207156309,1.1728488902401946
PAN_F_020,unknown,6,0,0.0114442995798928,0.01487758945386064,0.7692307692307693
PAN_F_021,vegetable_fruit,27,8,0.3728012180951236,0.4760828625235405,0.7830595206032858
PAN_F_021,food,27,9,0.2858115959450254,0.22165725047080978,1.2894303946202932
PAN_F_021,clothing,27,0,0.023480386264374722,0.055178907721280604,0.42553191489361697
PAN_F_021,flower,27,2,0.048643667107424765,0.01431261770244821,3.398656215005599
PAN_F_021,general_goods,27,4,0.13727611491765837,0.12259887005649718,1.1197176193744485
PAN_F_021,other,27,3,0.10437953279640981,0.09529190207156309,1.0953662433773441
PAN_F_021,unknown,27,1,0.027607484873983252,0.01487758945386064,1.855642337732292
PAN_F_028,vegetable_fruit,12,2,0.3600517890772128,0.4760828625235405,0.756279667721519
PAN_F_028,food,12,3,0.2322857815442561,0.22165725047080978,1.0479502973661852
PAN_F_028,clothing,12,0,0.034486817325800376,0.055178907721280604,0.625
PAN_F_028,flower,12,0,0.008945386064030132,0.01431261770244821,0.625
PAN_F_028,general_goods,12,4,0.20162429378531074,0.12259887005649718,1.644585253456221
PAN_F_028,other,12,3,0.1533074387947269,0.09529190207156309,1.6088191699604741
PAN_F_028,unknown,12,0,0.0092984934086629,0.01487758945386064,0.625
PAN_F_029,vegetable_fruit,27,5,0.30897143086108103,0.4760828625235405,0.6489866684621599
PAN_F_029,food,27,11,0.32836478743438713,0.22165725047080978,1.4814078345595545
PAN_F_029,clothing,27,0,0.023480386264374722,0.055178907721280604,0.42553191489361697
PAN_F_029,flower,27,0,0.006090475618063068,0.01431261770244821,0.425531914893617
PAN_F_029,general_goods,27,4,0.13727611491765837,0.12259887005649718,1.1197176193744485
PAN_F_029,other,27,6,0.16820932003045236,0.09529190207156309,1.7652005718610713
PAN_F_029,unknown,27,1,0.027607484873983252,0.01487758945386064,1.855642337732292
PAN_F_030,vegetable_fruit,10,3,0.41738857501569365,0.4760828625235405,0.8767141350210971
PAN_F_030,food,10,3,0.24777150031387318,0.22165725047080978,1.117813650523931
PAN_F_030,clothing,10,0,0.036785938480853736,0.055178907721280604,0.6666666666666666
PAN_F_030,flower,10,0,0.009541745134965474,0.01431261770244821,0.6666666666666666
PAN_F_030,general_goods,10,0,0.08173258003766479,0.12259887005649718,0.6666666666666666
PAN_F_030,other,10,4,0.1968612680477087,0.09529190207156309,2.0658761528326743
PAN_F_030,unknown,10,0,0.009918392969240427,0.01487758945386064,0.6666666666666667
PAN_F_031,vegetable_fruit,23,6,0.360968773266763,0.4760828625235405,0.7582057697968796
PAN_F_031,food,23,0,0.1030963955678185,0.22165725047080978,0.4651162790697674
PAN_F_031,clothing,23,8,0.2117111198703631,0.055178907721280604,3.8368124454321775
PAN_F_031,flower,23,0,0.0066570314895107955,0.01431261770244821,0.46511627906976744
PAN_F_031,general_goods,23,6,0.19655761397976615,0.12259887005649718,1.6032579573464796
PAN_F_031,other,23,2,0.09083344282398283,0.09529190207156309,0.9532126114532585
PAN_F_031,unknown,23,1,0.030175623001795646,0.01487758945386064,2.0282602296143657
PAN_F_036,vegetable_fruit,98,22,0.26713268856331196,0.4760828625235405,0.5611054494743618
PAN_F_036,food,98,43,0.401975805164544,0.22165725047080978,1.8135017208357933
PAN_F_036,clothing,98,2,0.0263015097832679,0.055178907721280604,0.47665876091860937
PAN_F_036,flower,98,4,0.03632417249194038,0.01431261770244821,2.537912578055308
PAN_F_036,general_goods,98,10,0.10552523221296563,0.12259887005649718,0.8607357650550652
PAN_F_036,other,98,15,0.14326981391043445,0.09529190207156309,1.5034836202853892
PAN_F_036,unknown,98,2,0.0194707778735357,0.01487758945386064,1.3087320317528426
PAN_F_037,vegetable_fruit,29,4,0.27595218878511857,0.4760828625235405,0.5796305864117799
PAN_F_037,food,29,13,0.3557784695799223,0.22165725047080978,1.605083834723354
PAN_F_037,clothing,29,0,0.022522003151543103,0.055178907721280604,0.40816326530612246
PAN_F_037,flower,29,0,0.005841884776509473,0.01431261770244821,0.4081632653061224
PAN_F_037,general_goods,29,2,0.09085668165571315,0.12259887005649718,0.7410890623530519
PAN_F_037,other,29,9,0.22256812329451553,0.09529190207156309,2.335645720738888
PAN_F_037,unknown,29,1,0.026480648756677813,0.01487758945386064,1.7799018341513821
PAN_R_002,vegetable_fruit,32,20,0.5677241778936695,0.4760828625235405,1.1924902629016554
PAN_R_002,food,32,10,0.27756048095031144,0.22165725047080978,1.2522057381870466
PAN_R_002,clothing,32,1,0.04045342604664638,0.055178907721280604,0.7331320556576528
PAN_R_002,flower,32,0,0.005504852962480081,0.01431261770244821,0.38461538461538464
PAN_R_002,general_goods,32,1,0.06638418079096045,0.12259887005649718,0.5414746543778801
PAN_R_002,other,32,0,0.0366507315659858,0.09529190207156309,0.3846153846153846
PAN_R_002,unknown,32,0,0.0057221497899464,0.01487758945386064,0.38461538461538464
PAN_R_003,vegetable_fruit,4,0,0.39673571876961705,0.4760828625235405,0.8333333333333333
PAN_R_003,food,4,3,0.3097143753923415,0.22165725047080978,1.3972670631549136
PAN_R_003,clothing,4,1,0.08764908976773383,0.055178907721280604,1.588452787258248
PAN_R_003,flower,4,0,0.011927181418706842,0.01431261770244821,0.8333333333333334
PAN_R_003,general_goods,4,0,0.10216572504708099,0.12259887005649718,0.8333333333333334
PAN_R_003,other,4,0,0.07940991839296924,0.09529190207156309,0.8333333333333333
PAN_R_003,unknown,4,0,0.012397991211550533,0.01487758945386064,0.8333333333333333
PAN_R_005,vegetable_fruit,402,62,0.16948260011959906,0.4760828625235405,0.3559939108524806
PAN_R_005,food,402,71,0.17875152845833223,0.22165725047080978,0.8064321292385253
PAN_R_005,clothing,402,54,0.13057719941807017,0.055178907721280604,2.366433204470828
PAN_R_005,flower,402,4,0.010156996099642096,0.01431261770244821,0.7096532801197307
PAN_R_005,general_goods,402,90,0.21908051516855434,0.12259887005649718,1.7869701006835998
PAN_R_005,other,402,118,0.2841370569702163,0.09529190207156309,2.9817544911301357
PAN_R_005,unknown,402,3,0.007814103765585813,0.01487758945386064,0.5252264682944389
PAN_R_007,vegetable_fruit,53,5,0.19892681165028506,0.4760828625235405,0.41784073174960984
PAN_R_007,food,53,20,0.3347006165673451,0.22165725047080978,1.5099917365952444
PAN_R_007,clothing,53,24,0.3438846322524057,0.055178907721280604,6.23217541727056
PAN_R_007,flower,53,0,0.003921265123958414,0.01431261770244821,0.27397260273972607
PAN_R_007,general_goods,53,2,0.0609859917963006,0.12259887005649718,0.4974433432232814
PAN_R_007,other,53,2,0.05350463070453783,0.09529190207156309,0.5614814012669879
PAN_R_007,unknown,53,0,0.0040760519051672986,0.01487758945386064,0.273972602739726
PAN_R_009,vegetable_fruit,10,1,0.350721908349027,0.4760828625235405,0.7366824894514769
PAN_R_009,food,10,9,0.4477715003138732,0.22165725047080978,2.0201076182384594
PAN_R_009,clothing,10,0,0.036785938480853736,0.055178907721280604,0.6666666666666666
PAN_R_009,flower,10,0,0.009541745134965474,0.01431261770244821,0.6666666666666666
PAN_R_009,general_goods,10,0,0.08173258003766479,0.12259887005649718,0.6666666666666666
PAN_R_009,other,10,0,0.06352793471437539,0.09529190207156309,0.6666666666666666
PAN_R_009,unknown,10,0,0.009918392969240427,0.01487758945386064,0.6666666666666667
SAT_F_001,vegetable_fruit,76,24,0.34918392969240425,0.4760828625235405,0.7334520042194093
SAT_F_001,food,76,20,0.2545119271814187,0.22165725047080978,1.148222883035967
SAT_F_001,clothing,76,8,0.09482893910860013,0.055178907721280604,1.7185722411831628
SAT_F_001,flower,76,0,0.0029817953546767105,0.01431261770244821,0.20833333333333334
SAT_F_001,general_goods,76,15,0.18179143126177025,0.12259887005649718,1.4828149001536097
SAT_F_001,other,76,7,0.09276914626490897,0.09529190207156309,0.9735260210803688
SAT_F_001,unknown,76,2,0.023932831136220967,0.01487758945386064,1.608649789029536
SAT_F_003,vegetable_fruit,22,3,0.2981346964397812,0.4760828625235405,0.6262243821579265
SAT_F_003,food,22,11,0.3674558335575285,0.22165725047080978,1.6577659101023587
SAT_F_003,clothing,22,0,0.026275670343466954,0.055178907721280604,0.47619047619047616
SAT_F_003,flower,22,0,0.006815532239261053,0.01431261770244821,0.4761904761904762
SAT_F_003,general_goods,22,4,0.15361850955071293,0.12259887005649718,1.2530173359666446
SAT_F_003,other,22,4,0.1406151914626491,0.09529190207156309,1.4756258234519104
SAT_F_003,unknown,22,0,0.007084566406600305,0.01487758945386064,0.4761904761904762
SAT_F_004,vegetable_fruit,257,249,0.933291181409642,0.4760828625235405,1.9603544989261072
SAT_F_004,food,257,4,0.030444566820997096,0.22165725047080978,0.1373497449613378
SAT_F_004,clothing,257,1,0.007594144961825314,0.055178907721280604,0.13762767831840417
SAT_F_004,flower,257,0,0.001033402000176766,0.01431261770244821,0.07220216606498195
SAT_F_004,general_goods,257,2,0.016072120581696547,0.12259887005649718,0.13109517709494417
SAT_F_004,other,257,0,0.006880281738018995,0.09529190207156309,0.07220216606498195
SAT_F_004,unknown,257,1,0.004684302487643367,0.01487758945386064,0.3148562811314719
SAT_F_005,vegetable_fruit,181,48,0.28617739925607366,0.4760828625235405,0.6011083821399332
SAT_F_005,food,181,47,0.255886293579185,0.22165725047080978,1.1544232955866376
SAT_F_005,clothing,181,18,0.09504267738520206,0.055178907721280604,1.7224457915202147
SAT_F_005,flower,181,0,0.0014241410649202199,0.01431261770244821,0.09950248756218905
SAT_F_005,general_goods,181,30,0.16145262388621864,0.12259887005649718,1.3169177155696175
SAT_F_005,other,181,36,0.18858625891259334,0.09529190207156309,1.9790376182329459
SAT_F_005,unknown,181,2,0.011430605915807029,0.01487758945386064,0.7683103469991813
SAT_F_006,vegetable_fruit,138,83,0.585580109180195,0.4760828625235405,1.229996194520109
SAT_F_006,food,138,30,0.2179312975279506,0.22165725047080978,0.9831904756783498
SAT_F_006,clothing,138,4,0.03230112755965577,0.055178907721280604,0.5853890352961507
SAT_F_006,flower,138,0,0.0018117237598035709,0.01431261770244821,0.12658227848101267
SAT_F_006,general_goods,138,15,0.1104555531717085,0.12259887005649718,0.9009508254097882
SAT_F_006,other,138,6,0.05003694962931178,0.09529190207156309,0.5250913093510782
SAT_F_006,unknown,138,0,0.0018832391713747645,0.01487758945386064,0.12658227848101267
SAT_F_007,vegetable_fruit,48,25,0.5076714301539825,0.4760828625235405,1.0663509865971705
SAT_F_007,food,48,13,0.25636977955023815,0.22165725047080978,1.1566045279624169
SAT_F_007,clothing,48,0,0.016229090506259,0.055178907721280604,0.29411764705882354
SAT_F_007,flower,48,0,0.004209593441896533,0.01431261770244821,0.29411764705882354
SAT_F_007,general_goods,48,4,0.09488202060485211,0.12259887005649718,0.7739224722146923
SAT_F_007,other,48,6,0.11626232413869501,0.09529190207156309,1.2200651011392698
SAT_F_007,unknown,48,0,0.004375761604076659,0.01487758945386064,0.29411764705882354
SAT_F_009,vegetable_fruit,32,7,0.3177241778936694,0.4760828625235405,0.6673715920155794
SAT_F_009,food,32,13,0.3352527886426191,0.22165725047080978,1.512482844258545
SAT_F_009,clothing,32,0,0.021222656815877153,0.055178907721280604,0.3846153846153846
SAT_F_009,flower,32,0,0.005504852962480081,0.01431261770244821,0.38461538461538464
SAT_F_009,general_goods,32,7,0.18176879617557587,0.12259887005649718,1.4826302729528538
SAT_F_009,other,32,5,0.13280457771983195,0.09529190207156309,1.3936606871389479
SAT_F_009,unknown,32,0,0.0057221497899464,0.01487758945386064,0.38461538461538464
SAT_F_010,vegetable_fruit,19,3,0.32106813462745665,0.4760828625235405,0.674395488477767
SAT_F_010,food,19,12,0.42136269254913317,0.22165725047080978,1.900965078535172
SAT_F_010,clothing,19,0,0.028296875754502872,0.055178907721280604,0.5128205128205128
SAT_F_010,flower,19,0,0.007339803949973441,0.01431261770244821,0.5128205128205128
SAT_F_010,general_goods,19,2,0.11415326669563959,0.12259887005649718,0.9311118988538344
SAT_F_010,other,19,1,0.0745086677290067,0.09529190207156309,0.7818992601601297
SAT_F_010,unknown,19,1,0.03327055869428751,0.01487758945386064,2.236286919831224
SAT_F_011,vegetable_fruit,128,80,0.6048760625031812,0.4760828625235405,1.270526855969894
SAT_F_011,food,128,24,0.19211584465821752,0.22165725047080978,0.8667248386874554
SAT_F_011,clothing,128,1,0.014213365908281162,0.055178907721280604,0.25758693847431047
SAT_F_011,flower,128,2,0.015447651040871379,0.01431261770244821,1.079302987197724
SAT_F_011,general_goods,128,11,0.09089173919682395,0.12259887005649718,0.7413750155685639
SAT_F_011,other,128,10,0.08044485163129231,0.09529190207156309,0.8441939963679094
SAT_F_011,unknown,128,0,0.002010485061332519,0.01487758945386064,0.13513513513513514
SAT_F_012,vegetable_fruit,28,18,0.5733678593848085,0.4760828625235405,1.2043446729957805
SAT_F_012,food,28,4,0.17569052102950408,0.22165725047080978,0.7926224865477203
SAT_F_012,clothing,28,0,0.022991211550533585,0.055178907721280604,0.4166666666666667
SAT_F_012,flower,28,0,0.005963590709353421,0.01431261770244821,0.4166666666666667
SAT_F_012,general_goods,28,3,0.1135828625235405,0.12259887005649718,0.9264592933947773
SAT_F_012,other,28,3,0.1022049591964846,0.09529190207156309,1.0725461133069827
SAT_F_012,unknown,28,0,0.006198995605775266,0.01487758945386064,0.41666666666666663
SAT_F_013,vegetable_fruit,97,49,0.5001851047048788,0.4760828625235405,1.0506261495185547
SAT_F_013,food,97,30,0.2943003846958649,0.22165725047080978,1.3277273090357202
SAT_F_013,clothing,97,2,0.026526309012184716,0.055178907721280604,0.4807327674221872
SAT_F_013,flower,97,0,0.0024466013166578138,0.01431261770244821,0.17094017094017094
SAT_F_013,general_goods,97,11,0.11497416582162345,0.12259887005649718,0.9378077120012603
SAT_F_013,other,97,5,0.05902425676436975,0.09529190207156309,0.6194047498395324
SAT_F_013,unknown,97,0,0.0025431776844206224,0.01487758945386064,0.17094017094017094
SAT_F_014,vegetable_fruit,24,19,0.6482194829652457,0.4760828625235405,1.3615686133486766
SAT_F_014,food,24,2,0.14620784112309534,0.22165725047080978,0.6596122653896656
SAT_F_014,clothing,24,0,0.025081321691491184,0.055178907721280604,0.45454545454545453
SAT_F_014,flower,24,0,0.006505735319294641,0.01431261770244821,0.4545454545454546
SAT_F_014,general_goods,24,1,0.07845403184386236,0.12259887005649718,0.6399245915374948
SAT_F_014,other,24,2,0.08876904639616504,0.09529190207156309,0.9315486884656845
SAT_F_014,unknown,24,0,0.006762540660845745,0.01487758945386064,0.45454545454545453
SAT_F_016,vegetable_fruit,83,40,0.4807927888395224,0.4760828625235405,1.009893080988079
SAT_F_016,food,83,28,0.3148849030040407,0.22165725047080978,1.4205937425246018
SAT_F_016,clothing,83,0,0.010714351013840894,0.055178907721280604,0.1941747572815534
SAT_F_016,flower,83,0,0.0027791490684365458,0.01431261770244821,0.1941747572815534
SAT_F_016,general_goods,83,7,0.09176677088475674,0.12259887005649718,0.7485123708111494
SAT_F_016,other,83,7,0.086464447004187,0.09529190207156309,0.9073640584826739
SAT_F_016,unknown,83,1,0.012597590185215658,0.01487758945386064,0.8467494162467739
SAT_F_019,vegetable_fruit,2,0,0.4328026022941277,0.4760828625235405,0.9090909090909091
SAT_F_019,food,2,0,0.2015065913370998,0.22165725047080978,0.9090909090909091
SAT_F_019,clothing,2,0,0.05016264338298237,0.055178907721280604,0.9090909090909091
SAT_F_019,flower,2,0,0.013011470638589283,0.01431261770244821,0.9090909090909092
SAT_F_019,general_goods,2,2,0.20236260914227017,0.12259887005649718,1.6506074570590699
SAT_F_019,other,2,0,0.08662900188323917,0.09529190207156309,0.9090909090909092
SAT_F_019,unknown,2,0,0.01352508132169149,0.01487758945386064,0.9090909090909091
SAT_F_021,vegetable_fruit,3,0,0.41398509784655696,0.4760828625235405,0.8695652173913044
SAT_F_021,food,3,0,0.1927454351920085,0.22165725047080978,0.8695652173913044
SAT_F_021,clothing,3,0,0.047981658888070086,0.055178907721280604,0.8695652173913043
SAT_F_021,flower,3,2,0.09940227626299844,0.01431261770244821,6.945080091533181
SAT_F_021,general_goods,3,0,0.10660771309260625,0.12259887005649718,0.8695652173913044
SAT_F_021,other,3,0,0.08286252354048963,0.09529190207156309,0.8695652173913042
SAT_F_021,unknown,3,1,0.05641529517727012,0.01487758945386064,3.791964777105118
SAT_F_022,vegetable_fruit,55,26,0.47362209667294414,0.4760828625235405,0.994831223628692
SAT_F_022,food,55,18,0.29910860012554924,0.22165725047080978,1.3494194279241007
SAT_F_022,clothing,55,1,0.028047708725674827,0.055178907721280604,0.5083048919226394
SAT_F_022,flower,55,0,0.0038166980539861895,0.01431261770244821,0.26666666666666666
SAT_F_022,general_goods,55,8,0.1393596986817326,0.12259887005649718,1.1367127496159755
SAT_F_022,other,55,2,0.05207784055241682,0.09529190207156309,0.5465085638998682
SAT_F_022,unknown,55,0,0.003967357187696171,0.01487758945386064,0.26666666666666666
SAT_F_025,vegetable_fruit,21,9,0.45174773781636124,0.4760828625235405,0.9488846866316765
SAT_F_025,food,21,6,0.2544669514491755,0.22165725047080978,1.1480199763764845
SAT_F_025,clothing,21,0,0.026916540351844195,0.055178907721280604,0.4878048780487805
SAT_F_025,flower,21,1,0.031372008635340586,0.01431261770244821,2.19191270860077
SAT_F_025,general_goods,21,3,0.13297505856414496,0.12259887005649718,1.0846352703158366
SAT_F_025,other,21,2,0.09526434247393321,0.09529190207156309,0.9997107876217103
SAT_F_025,unknown,21,0,0.007257360709200312,0.01487758945386064,0.4878048780487805
SAT_R_002,vegetable_fruit,49,17,0.38437184420972187,0.4760828625235405,0.807363327829756
SAT_R_002,food,49,26,0.44106007260023466,0.22165725047080978,1.9898292145346188
SAT_R_002,clothing,49,1,0.03048663991921177,0.055178907721280604,0.5525053173072166
SAT_R_002,flower,49,0,0.004148584841289336,0.01431261770244821,0.2898550724637681
SAT_R_002,general_goods,49,5,0.10799967248014411,0.12259887005649718,0.8809189875108528
SAT_R_002,other,49,0,0.027620841180163214,0.09529190207156309,0.2898550724637681
SAT_R_002,unknown,49,0,0.004312344769234968,0.01487758945386064,0.2898550724637681
