feature,missing,zero_count,nunique,median,max
reference_geometry_area_sqm,0,0,184,3731.563004564442,486887.4307458126
reference_geometry_perimeter_m,0,0,185,244.2223825861314,24468.861235373744
distance_to_primary_road_m,0,0,161,334.9642696928859,5626.986047040916
distance_to_secondary_road_m,0,0,161,486.5368875944565,10309.959573540566
distance_to_major_road_m,0,0,161,125.10286191454458,5626.986047040916
distance_to_bus_access_m,0,0,161,866.9920784413537,11441.662677546952
distance_to_bus_station_m,0,0,161,1790.472106144725,11441.662677546952
distance_to_railway_station_m,0,0,161,8773.378413163355,18929.721196059814
commercial_poi_count_250m,0,139,13,0.0,23.0
market_poi_count_250m,0,222,3,0.0,2.0
food_poi_count_250m,0,207,7,0.0,14.0
retail_poi_count_250m,0,179,10,0.0,20.0
service_poi_count_250m,0,252,2,0.0,1.0
bus_count_250m,0,225,3,0.0,2.0
bus_station_count_250m,0,247,3,0.0,2.0
rail_count_250m,0,256,2,0.0,1.0
ambiguous_count_250m,0,240,3,0.0,2.0
healthcare_count_250m,0,152,8,0.0,8.0
education_count_250m,0,232,4,0.0,3.0
toilet_count_250m,0,249,3,0.0,2.0
parking_count_250m,0,246,5,0.0,4.0
road_length_250m,0,2,161,3846.8349969544133,7677.085424014786
road_density_250m_per_km2,0,2,161,19623.277031043992,39161.95370628142
major_road_length_250m,0,87,109,734.6092057852088,2033.56065648292
major_road_density_250m_per_km2,0,87,109,3747.350735368488,10373.495133841041
pedestrian_road_length_250m,0,170,64,0.0,1669.4041001831058
pedestrian_road_density_250m_per_km2,0,170,64,0.0,8515.878419685181
local_road_length_250m,0,3,160,2997.550577425486,6729.108264733519
local_road_density_250m_per_km2,0,3,160,15290.950987488703,34326.18132966371
commercial_poi_count_500m,0,96,27,2.0,33.0
market_poi_count_500m,0,204,6,0.0,6.0
food_poi_count_500m,0,164,13,0.0,17.0
retail_poi_count_500m,0,130,18,0.0,24.0
service_poi_count_500m,0,233,5,0.0,4.0
bus_count_500m,0,179,6,0.0,5.0
bus_station_count_500m,0,224,3,0.0,2.0
rail_count_500m,0,253,2,0.0,1.0
ambiguous_count_500m,0,214,4,0.0,3.0
healthcare_count_500m,0,92,19,1.0,31.0
education_count_500m,0,181,9,0.0,8.0
toilet_count_500m,0,210,5,0.0,4.0
parking_count_500m,0,218,7,0.0,6.0
road_length_500m,0,2,161,14571.148760274096,26897.35137194293
road_density_500m_per_km2,0,2,161,18582.398842796454,34301.84669934561
major_road_length_500m,0,36,142,1988.801299353167,5817.740492824614
major_road_density_500m_per_km2,0,36,142,2536.2927502606312,7419.289719716004
pedestrian_road_length_500m,0,90,95,180.57518808407826,5189.507110519402
pedestrian_road_density_500m_per_km2,0,90,95,230.28521781615575,6618.111757125847
local_road_length_500m,0,3,160,11459.888853472461,24647.949036309685
local_road_density_500m_per_km2,0,3,160,14614.649048805459,31433.212795022715
residential_land_ratio_500m,0,151,61,0.0,0.5469146600487538
commercial_land_ratio_500m,0,147,74,0.0,0.19615537898934382
industrial_land_ratio_500m,0,188,44,0.0,0.7797302459710286
park_land_ratio_500m,0,126,81,0.00010622218099142705,0.09325472641193709
mapped_landuse_coverage_ratio_500m,0,49,133,0.03830990303209483,0.7797302459710286
classified_landuse_coverage_ratio_500m,0,49,133,0.03830990303209483,0.7797302459710289
landuse_category_overlap_ratio_500m,0,216,14,0.0,0.012469997685826115
landuse_missing_coverage_ratio_500m,0,0,133,0.9616900969679052,1.0
residential_mapped_share_500m,184,34,18,0.09166431101541787,1.0
commercial_mapped_share_500m,184,28,24,0.2477778350859347,0.873505195051819
industrial_mapped_share_500m,184,33,23,0.12905879209247811,1.0
park_mapped_share_500m,184,35,26,0.0074220991991920246,0.3418219399242701
