path,bytes,sha256,records
data\raw\nmc\official_zones.csv,37582,4896da86e2ad448f5598eac75c5103555dd2d808a8a0717a5d1f88f6d1a38a7a,308
data\raw\nmc\vendors.csv,4348089,bc9e12218657de291d759d544f6a8119ae3d495de51a0078a172a6fce71ef77f,7259
data\raw\nmc\vendor_zone_assignments.csv,2262175,a9a8d8ab17067f2a14629f4e1a0d538a5f93f3899249467b1e724bab5c358785,7259
data\raw\nmc\zone_vendor_evidence.csv,64290,d1e8c3a45a508752f56bae385abe565c430a9e59be6b996cb8c76458d04c87ee,308
data\raw\nmc\location_zone_crosswalk.csv,213693,bb5a52002142cd3f4430cbe64f7959b1702d06bb5ce9b6ffde70ebc463f51c45,528
data\raw\nmc\business_translation_audit.csv,46340,5a89f1590195d2b1d1b8c08b11d1e78cb9544110d553a8206ffe290b6023269a,599
data\raw\nmc\official_zones_geometries.geojson,1357425,37093556f07c28f1c24f38c7c8c64ae8fa1a7628cee909ad6d1a8d063a71d143,308
data\raw\osm\roads_clean.gpkg,3944448,6936105679c512dc26a710c172de0fa0655eab92ea81068381d3486e45e5d60b,13988
data\raw\osm\commercial_model_points.gpkg,155648,ef83db59679b572cb47abaac3ae6a1bd51e247f3bffacd2c8bab6cf58c86006d,353
data\raw\osm\landuse_clean.gpkg,233472,94965cb60ac44d3dca34dc34a72c4ad42f17cdf938b1fe1a14c6c2c6c86029ab,401
data\raw\osm\transport_deduplicated.gpkg,106496,c07151a05e989b1e248eaeff6b393db5a9e0f6ca1e0bf710d26572cbc5c7bcfd,61
data\raw\osm\facilities_deduplicated.gpkg,163840,070aa9f0f66ed6b55845a8cda5d4d54ffad0b4e9a306888551363bd41ad42786,373
