source,feature_type,count,matched_groups
highway,residential,10885,road_local
highway,service,1179,road_local
highway,tertiary,538,road_local
highway,unclassified,377,road_local
highway,primary,319,road_major|road_primary
highway,living_street,278,road_pedestrian|road_local
highway,secondary,236,road_major|road_secondary
highway,footway,116,road_pedestrian
highway,path,42,road_pedestrian
highway,pedestrian,18,road_pedestrian
feature_type,commercial_area,81,commercial_retail
feature_type,restaurant,58,commercial_food
feature_type,fast_food,19,commercial_food
feature_type,shop_clothes,18,commercial_retail
feature_type,marketplace,17,commercial_market
feature_type,shop_mobile_phone,12,commercial_retail
feature_type,cafe,10,commercial_food
feature_type,shop_car,9,
feature_type,shop_ticket,9,
feature_type,shop_yes,8,commercial_retail
feature_type,shop_general,7,commercial_retail
feature_type,shop_confectionery,6,commercial_food|commercial_retail
feature_type,office_educational_institution,6,
feature_type,mall,6,commercial_retail
feature_type,government_office,6,
feature_type,retail_area,6,commercial_retail
feature_type,shop_bakery,5,commercial_food|commercial_retail
feature_type,shop_kiosk,5,commercial_retail
feature_type,shop_mobile_phone_accessories,4,commercial_retail
feature_type,shop_medical_supply,4,
feature_type,shop_hardware,3,commercial_retail
feature_type,shop_jewelry,3,commercial_retail
feature_type,shop_electronics,3,commercial_retail
feature_type,office_telecommunication,3,commercial_service
feature_type,shop_electrical,2,commercial_retail
feature_type,shop_hairdresser,2,commercial_service
feature_type,shop_furniture,2,commercial_retail
feature_type,office_company,2,commercial_service
feature_type,shop_car_repair,2,commercial_service
feature_type,shop_dairy,2,commercial_food|commercial_retail
feature_type,shop_beauty,2,commercial_retail
feature_type,shop_florist,2,commercial_retail
feature_type,shop_wine,2,
feature_type,office_it,2,commercial_service
feature_type,shop_copyshop,2,commercial_service
feature_type,office_yes,2,
feature_type,office_engineering,2,commercial_service
feature_type,shop_houseware,1,commercial_retail
feature_type,shop_wholesale,1,
feature_type,shop_car_parts,1,
feature_type,shop_butcher,1,commercial_food|commercial_retail
feature_type,shop_nuts;spices,1,commercial_food|commercial_retail
feature_type,shop_doityourself,1,
feature_type,shop_beverages,1,commercial_food|commercial_retail
feature_type,shop_bicycle,1,commercial_service
feature_type,shop_optician,1,
feature_type,shop_travel_agency,1,commercial_service
feature_type,office_political_party,1,
feature_type,shop_stationery,1,commercial_retail
feature_type,shop_books,1,commercial_retail
feature_type,shop_garden_centre,1,
feature_type,shop_supermarket,1,commercial_retail
feature_type,shop_fabric,1,commercial_retail
feature_type,shop_cheese,1,commercial_food|commercial_retail
feature_type,shop_clothes (or clothes;fabric),1,commercial_retail
feature_type,shop_photo_studio,1,commercial_service
feature_type,bus_stop,28,transport_bus
feature_type,transit_platform,21,transport_ambiguous
feature_type,bus_station,9,transport_bus|transport_bus_station
feature_type,transit_stop_position,2,transport_ambiguous
feature_type,railway_station,1,transport_rail
feature_type,hospital,249,facility_healthcare
feature_type,school,37,facility_education
feature_type,clinic,35,facility_healthcare
feature_type,parking,23,facility_parking
feature_type,college,17,facility_education
feature_type,toilets,8,facility_toilet
feature_type,doctors,3,facility_healthcare
feature_type,university,1,facility_education
landuse,industrial,146,landuse_industrial
landuse,,102,
landuse,commercial,83,landuse_commercial
landuse,residential,63,landuse_residential
landuse,retail,7,landuse_commercial
leisure,,299,
leisure,park,96,landuse_park
leisure,garden,6,landuse_park
