reference_group_id_a,reference_group_id_b,zone_ids_a,zone_ids_b,intersection_over_union,representative_point_distance_m,review_status
REF_DC0BAA201688,REF_FD136D08164F,NE_F_003|NR_R_004|PAN_F_028,NV_061|NV_062,0.9999999999989773,0.0,POTENTIAL_NEAR_DUPLICATE_NOT_MERGED
REF_DE3FB4B191F4,REF_E9FF79BA1EBE,NN_F_004,NR_F_022,0.9999999999966422,0.0,POTENTIAL_NEAR_DUPLICATE_NOT_MERGED
REF_B044340AF8D2,REF_A2720144355E,NN_R_001,NN_R_003,0.9973203305838446,0.0,POTENTIAL_NEAR_DUPLICATE_NOT_MERGED
REF_AAF072C44357,REF_6A21B50C66FB,NN_R_012,NV_065,0.999999999997371,0.0,POTENTIAL_NEAR_DUPLICATE_NOT_MERGED
REF_1876FC295D32,REF_FD696AFB323F,NR_F_020,NV_041,0.9999999999941414,5.820766091346741e-11,POTENTIAL_NEAR_DUPLICATE_NOT_MERGED
REF_BCF0D2AA09C2,REF_B864A4D94B0D,NR_F_028,NW_R_017,0.9999999999941077,0.0,POTENTIAL_NEAR_DUPLICATE_NOT_MERGED
REF_9AC0E61CE393,REF_250EBA0262D7,NV_025,NV_026|NV_049,0.9999999999966313,4.656612873077393e-10,POTENTIAL_NEAR_DUPLICATE_NOT_MERGED
REF_8191CF1C7D34,REF_7709F8503D3E,NV_034|PAN_F_008|PAN_F_014,PAN_F_007,0.9999999999978489,4.692851652099372e-10,POTENTIAL_NEAR_DUPLICATE_NOT_MERGED
REF_9EAFB007664F,REF_929FB0F839A7,NV_053,PAN_R_005,0.9744430944326034,0.0,POTENTIAL_NEAR_DUPLICATE_NOT_MERGED
REF_639F9B1ACEA8,REF_627EFA2E29F9,NV_072,PAN_F_001,0.9999999999946588,0.0,POTENTIAL_NEAR_DUPLICATE_NOT_MERGED
REF_C3E4EA29F045,REF_B12E9A1532D2,SAT_F_005,SAT_F_021,0.9999999999944078,0.0,POTENTIAL_NEAR_DUPLICATE_NOT_MERGED
