reference_group_id,member_count,zone_ids,geometry_area_sqm,shared_reference,review_status,note
REF_F0200AB4D0E8,15,NE_F_001|NE_F_010|NE_F_014|NN_F_002|NN_R_005|NV_055|NW_F_001|NW_F_017|NW_F_021|PAN_F_004|SAT_F_004|SAT_F_009|SAT_F_011|SAT_F_013|SAT_F_014,76473.20539784787,True,UNVERIFIED_ANALYTICAL_REFERENCE,Identical analytical geometry does not establish identical legal vending areas.
REF_5C8511399D9E,1,NE_F_002,68543.51969292255,False,UNVERIFIED_ANALYTICAL_REFERENCE,Identical analytical geometry does not establish identical legal vending areas.
REF_DC0BAA201688,3,NE_F_003|NR_R_004|PAN_F_028,23113.121345145475,True,UNVERIFIED_ANALYTICAL_REFERENCE,Identical analytical geometry does not establish identical legal vending areas.
REF_D5B4BF71ABCE,1,NE_F_004,48702.09459281511,False,UNVERIFIED_ANALYTICAL_REFERENCE,Identical analytical geometry does not establish identical legal vending areas.
REF_5334887687FD,1,NE_F_005,5778.503672969737,False,UNVERIFIED_ANALYTICAL_REFERENCE,Identical analytical geometry does not establish identical legal vending areas.
REF_FEA8682F6F87,1,NE_F_007,94125.56908835605,False,UNVERIFIED_ANALYTICAL_REFERENCE,Identical analytical geometry does not establish identical legal vending areas.
REF_744E555C6AC2,1,NE_F_008,1338.508022274007,False,UNVERIFIED_ANALYTICAL_REFERENCE,Identical analytical geometry does not establish identical legal vending areas.
REF_0003CB977A62,1,NE_F_011,2822.89364152391,False,UNVERIFIED_ANALYTICAL_REFERENCE,Identical analytical geometry does not establish identical legal vending areas.
REF_0D6F3D532DAB,1,NE_F_012,104707.41175733514,False,UNVERIFIED_ANALYTICAL_REFERENCE,Identical analytical geometry does not establish identical legal vending areas.
REF_3324364722DA,1,NE_F_015,30644.341890997475,False,UNVERIFIED_ANALYTICAL_REFERENCE,Identical analytical geometry does not establish identical legal vending areas.
REF_1A9E5971E234,1,NE_F_016,203730.50745332008,False,UNVERIFIED_ANALYTICAL_REFERENCE,Identical analytical geometry does not establish identical legal vending areas.
REF_DFEC571C3E39,1,NE_R_001,126471.03900989189,False,UNVERIFIED_ANALYTICAL_REFERENCE,Identical analytical geometry does not establish identical legal vending areas.
REF_9E489613A244,1,NE_R_002,2822.8936414935024,False,UNVERIFIED_ANALYTICAL_REFERENCE,Identical analytical geometry does not establish identical legal vending areas.
REF_2DCCAA126559,6,NN_F_001|NN_F_006|NN_F_007|NN_F_008|NN_F_009|NN_F_012,2822.893641491502,True,UNVERIFIED_ANALYTICAL_REFERENCE,Identical analytical geometry does not establish identical legal vending areas.
REF_660FE932D43A,1,NN_F_003,12.822828010679109,False,UNVERIFIED_ANALYTICAL_REFERENCE,Identical analytical geometry does not establish identical legal vending areas.
REF_DE3FB4B191F4,1,NN_F_004,530.8328469155842,False,UNVERIFIED_ANALYTICAL_REFERENCE,Identical analytical geometry does not establish identical legal vending areas.
REF_CFDB0E79B1D9,1,NN_F_005,73124.49284097695,False,UNVERIFIED_ANALYTICAL_REFERENCE,Identical analytical geometry does not establish identical legal vending areas.
REF_990E62776234,1,NN_F_011,392.12159873566037,False,UNVERIFIED_ANALYTICAL_REFERENCE,Identical analytical geometry does not establish identical legal vending areas.
REF_F750E7717A67,3,NN_F_013|NV_064|NV_069,2822.893641472383,True,UNVERIFIED_ANALYTICAL_REFERENCE,Identical analytical geometry does not establish identical legal vending areas.
REF_B044340AF8D2,1,NN_R_001,57460.18802479151,False,UNVERIFIED_ANALYTICAL_REFERENCE,Identical analytical geometry does not establish identical legal vending areas.
REF_8B3CCFA89E80,1,NN_R_002,155680.6361804311,False,UNVERIFIED_ANALYTICAL_REFERENCE,Identical analytical geometry does not establish identical legal vending areas.
REF_A2720144355E,1,NN_R_003,57614.57604213635,False,UNVERIFIED_ANALYTICAL_REFERENCE,Identical analytical geometry does not establish identical legal vending areas.
REF_A8D6CDB1CADD,1,NN_R_004,94308.74624643763,False,UNVERIFIED_ANALYTICAL_REFERENCE,Identical analytical geometry does not establish identical legal vending areas.
REF_BA63A7DF63CB,2,NN_R_006|NV_067,2822.8936415050607,True,UNVERIFIED_ANALYTICAL_REFERENCE,Identical analytical geometry does not establish identical legal vending areas.
REF_CF8A4EB4E498,1,NN_R_007,1954.370299496319,False,UNVERIFIED_ANALYTICAL_REFERENCE,Identical analytical geometry does not establish identical legal vending areas.
REF_9CC599B098CF,1,NN_R_008,3016.699079657302,False,UNVERIFIED_ANALYTICAL_REFERENCE,Identical analytical geometry does not establish identical legal vending areas.
REF_D2AE3F069677,12,NN_R_009|NR_F_014|NR_R_003|NR_R_008|NV_075|NW_F_024|PAN_F_002|PAN_F_006|PAN_F_022|PAN_F_023|PAN_R_009|PAN_R_010,140.59997703785456,True,UNVERIFIED_ANALYTICAL_REFERENCE,Identical analytical geometry does not establish identical legal vending areas.
REF_AAF072C44357,1,NN_R_012,778.7955814508318,False,UNVERIFIED_ANALYTICAL_REFERENCE,Identical analytical geometry does not establish identical legal vending areas.
REF_C4EBE555F05C,2,NN_R_013|PAN_F_012,3856.3717433074626,True,UNVERIFIED_ANALYTICAL_REFERENCE,Identical analytical geometry does not establish identical legal vending areas.
REF_D72EE4D93C39,3,NN_R_014|NR_R_002|NW_F_004,154.3880173448424,True,UNVERIFIED_ANALYTICAL_REFERENCE,Identical analytical geometry does not establish identical legal vending areas.
REF_C2315A7471A8,1,NN_R_015,10688.75252663761,False,UNVERIFIED_ANALYTICAL_REFERENCE,Identical analytical geometry does not establish identical legal vending areas.
REF_7C566FD4B393,1,NR_F_002,147.36248735486743,False,UNVERIFIED_ANALYTICAL_REFERENCE,Identical analytical geometry does not establish identical legal vending areas.
REF_97150F18A0E6,1,NR_F_003,66714.62166556055,False,UNVERIFIED_ANALYTICAL_REFERENCE,Identical analytical geometry does not establish identical legal vending areas.
REF_47996F4517EB,3,NR_F_005|NR_F_006|NR_F_007,90881.79674495291,True,UNVERIFIED_ANALYTICAL_REFERENCE,Identical analytical geometry does not establish identical legal vending areas.
REF_FACD98773FDA,1,NR_F_008,667.0135358542025,False,UNVERIFIED_ANALYTICAL_REFERENCE,Identical analytical geometry does not establish identical legal vending areas.
REF_B7E98F81DEB0,1,NR_F_009,120159.63510442755,False,UNVERIFIED_ANALYTICAL_REFERENCE,Identical analytical geometry does not establish identical legal vending areas.
REF_0CEF7A755250,2,NR_F_010|NR_F_016,2822.893641494172,True,UNVERIFIED_ANALYTICAL_REFERENCE,Identical analytical geometry does not establish identical legal vending areas.
REF_125E35ABF029,2,NR_F_011|SAT_F_001,274990.11394470633,True,UNVERIFIED_ANALYTICAL_REFERENCE,Identical analytical geometry does not establish identical legal vending areas.
REF_DD8ACB0559B6,1,NR_F_013,267191.9400773499,False,UNVERIFIED_ANALYTICAL_REFERENCE,Identical analytical geometry does not establish identical legal vending areas.
REF_FA79A0DC4961,1,NR_F_015,115257.50219666192,False,UNVERIFIED_ANALYTICAL_REFERENCE,Identical analytical geometry does not establish identical legal vending areas.
REF_8D1B0E3135F8,1,NR_F_017,94081.28481257329,False,UNVERIFIED_ANALYTICAL_REFERENCE,Identical analytical geometry does not establish identical legal vending areas.
REF_B640320A1183,1,NR_F_018,27357.73487688358,False,UNVERIFIED_ANALYTICAL_REFERENCE,Identical analytical geometry does not establish identical legal vending areas.
REF_E519B8E02EE6,1,NR_F_019,132080.08402600605,False,UNVERIFIED_ANALYTICAL_REFERENCE,Identical analytical geometry does not establish identical legal vending areas.
REF_1876FC295D32,1,NR_F_020,2598.8685713860277,False,UNVERIFIED_ANALYTICAL_REFERENCE,Identical analytical geometry does not establish identical legal vending areas.
REF_434BF8E4C150,1,NR_F_021,5985.754751406692,False,UNVERIFIED_ANALYTICAL_REFERENCE,Identical analytical geometry does not establish identical legal vending areas.
REF_E9FF79BA1EBE,1,NR_F_022,530.8328469138017,False,UNVERIFIED_ANALYTICAL_REFERENCE,Identical analytical geometry does not establish identical legal vending areas.
REF_A730FAD9DDDA,1,NR_F_023,2822.8936414994914,False,UNVERIFIED_ANALYTICAL_REFERENCE,Identical analytical geometry does not establish identical legal vending areas.
REF_A0C1B9E508BA,1,NR_F_024,2822.8936414963405,False,UNVERIFIED_ANALYTICAL_REFERENCE,Identical analytical geometry does not establish identical legal vending areas.
REF_117E638D57E2,3,NR_F_025|NR_F_026|NR_F_027,2822.8936414873874,True,UNVERIFIED_ANALYTICAL_REFERENCE,Identical analytical geometry does not establish identical legal vending areas.
REF_BCF0D2AA09C2,1,NR_F_028,65781.71509946516,False,UNVERIFIED_ANALYTICAL_REFERENCE,Identical analytical geometry does not establish identical legal vending areas.
REF_91C54D5210C8,2,NR_F_029|PAN_F_029,8220.566986191432,True,UNVERIFIED_ANALYTICAL_REFERENCE,Identical analytical geometry does not establish identical legal vending areas.
REF_E7B9CD305EEC,1,NR_F_032,797.4014957527055,False,UNVERIFIED_ANALYTICAL_REFERENCE,Identical analytical geometry does not establish identical legal vending areas.
REF_5C7BB9A2627B,1,NR_F_033,79175.76129594025,False,UNVERIFIED_ANALYTICAL_REFERENCE,Identical analytical geometry does not establish identical legal vending areas.
REF_A1FC2DC75B2A,1,NR_F_034,27374.234951086597,False,UNVERIFIED_ANALYTICAL_REFERENCE,Identical analytical geometry does not establish identical legal vending areas.
REF_42068A98C68B,8,NR_F_035|NR_F_036|NR_F_037|NR_F_038|NR_F_039|NR_F_041|NR_F_042|NR_F_043,66298.36892652776,True,UNVERIFIED_ANALYTICAL_REFERENCE,Identical analytical geometry does not establish identical legal vending areas.
REF_065A452DC13C,1,NR_F_040,15074.726423831977,False,UNVERIFIED_ANALYTICAL_REFERENCE,Identical analytical geometry does not establish identical legal vending areas.
REF_2579DE9F6533,1,NR_R_001,29277.838359276902,False,UNVERIFIED_ANALYTICAL_REFERENCE,Identical analytical geometry does not establish identical legal vending areas.
REF_12934A27A2A4,1,NR_R_006,2822.8936414973086,False,UNVERIFIED_ANALYTICAL_REFERENCE,Identical analytical geometry does not establish identical legal vending areas.
REF_D456793F52AD,1,NR_R_007,2822.8936414913724,False,UNVERIFIED_ANALYTICAL_REFERENCE,Identical analytical geometry does not establish identical legal vending areas.
REF_84E9ABB20D80,2,NV_002|NV_004,2822.8936415003204,True,UNVERIFIED_ANALYTICAL_REFERENCE,Identical analytical geometry does not establish identical legal vending areas.
REF_A2AD434AAA9B,1,NV_003,5574.214606445501,False,UNVERIFIED_ANALYTICAL_REFERENCE,Identical analytical geometry does not establish identical legal vending areas.
REF_6D91C96F6987,1,NV_006,3407.78470118681,False,UNVERIFIED_ANALYTICAL_REFERENCE,Identical analytical geometry does not establish identical legal vending areas.
REF_D2708FA6DAC4,2,NV_008|NV_024,2822.893641500567,True,UNVERIFIED_ANALYTICAL_REFERENCE,Identical analytical geometry does not establish identical legal vending areas.
REF_EAED496D0988,2,NV_009|NV_029,2822.893641489976,True,UNVERIFIED_ANALYTICAL_REFERENCE,Identical analytical geometry does not establish identical legal vending areas.
REF_1305EAF3A4F9,2,NV_010|PAN_F_015,17609.951903286626,True,UNVERIFIED_ANALYTICAL_REFERENCE,Identical analytical geometry does not establish identical legal vending areas.
REF_083E21BBB056,1,NV_012,2822.893641505463,False,UNVERIFIED_ANALYTICAL_REFERENCE,Identical analytical geometry does not establish identical legal vending areas.
REF_8231C7A40A7E,1,NV_013,2822.893641502919,False,UNVERIFIED_ANALYTICAL_REFERENCE,Identical analytical geometry does not establish identical legal vending areas.
REF_07405A21A56A,2,NV_014|NV_018,27215.68661806022,True,UNVERIFIED_ANALYTICAL_REFERENCE,Identical analytical geometry does not establish identical legal vending areas.
REF_DC351865F18D,3,NV_015|NV_016|NV_017,3731.563004564442,True,UNVERIFIED_ANALYTICAL_REFERENCE,Identical analytical geometry does not establish identical legal vending areas.
REF_3DFACF6F5983,1,NV_019,2822.893641502034,False,UNVERIFIED_ANALYTICAL_REFERENCE,Identical analytical geometry does not establish identical legal vending areas.
REF_B1B7BA343DB8,1,NV_020,161017.36103598253,False,UNVERIFIED_ANALYTICAL_REFERENCE,Identical analytical geometry does not establish identical legal vending areas.
REF_48A357F5B764,1,NV_021,31933.71273645427,False,UNVERIFIED_ANALYTICAL_REFERENCE,Identical analytical geometry does not establish identical legal vending areas.
REF_1C3584B53F46,2,NV_022|NV_027,2822.8936415039775,True,UNVERIFIED_ANALYTICAL_REFERENCE,Identical analytical geometry does not establish identical legal vending areas.
REF_9AC0E61CE393,1,NV_025,2822.893641498099,False,UNVERIFIED_ANALYTICAL_REFERENCE,Identical analytical geometry does not establish identical legal vending areas.
REF_250EBA0262D7,2,NV_026|NV_049,2822.8936414980412,True,UNVERIFIED_ANALYTICAL_REFERENCE,Identical analytical geometry does not establish identical legal vending areas.
REF_C87F1D5CE50E,1,NV_028,2822.893641479873,False,UNVERIFIED_ANALYTICAL_REFERENCE,Identical analytical geometry does not establish identical legal vending areas.
REF_3678EBA3766C,1,NV_030,30414.71777220821,False,UNVERIFIED_ANALYTICAL_REFERENCE,Identical analytical geometry does not establish identical legal vending areas.
REF_210392D36DCF,1,NV_031,4986.091707474286,False,UNVERIFIED_ANALYTICAL_REFERENCE,Identical analytical geometry does not establish identical legal vending areas.
REF_4456EA1C0BBC,2,NV_032|NV_037,10337.404956708184,True,UNVERIFIED_ANALYTICAL_REFERENCE,Identical analytical geometry does not establish identical legal vending areas.
REF_14EE923FAEB1,1,NV_033,2822.893641493219,False,UNVERIFIED_ANALYTICAL_REFERENCE,Identical analytical geometry does not establish identical legal vending areas.
REF_8191CF1C7D34,3,NV_034|PAN_F_008|PAN_F_014,116288.4093937759,True,UNVERIFIED_ANALYTICAL_REFERENCE,Identical analytical geometry does not establish identical legal vending areas.
REF_46009D796182,1,NV_035,50026.76279900665,False,UNVERIFIED_ANALYTICAL_REFERENCE,Identical analytical geometry does not establish identical legal vending areas.
REF_C2EFDE1D491D,1,NV_038,22473.412828494562,False,UNVERIFIED_ANALYTICAL_REFERENCE,Identical analytical geometry does not establish identical legal vending areas.
REF_B9BA4088C1D1,1,NV_039,2822.8936414966743,False,UNVERIFIED_ANALYTICAL_REFERENCE,Identical analytical geometry does not establish identical legal vending areas.
REF_5B161608A286,1,NV_040,2822.8936414836844,False,UNVERIFIED_ANALYTICAL_REFERENCE,Identical analytical geometry does not establish identical legal vending areas.
REF_FD696AFB323F,1,NV_041,2598.8685713949835,False,UNVERIFIED_ANALYTICAL_REFERENCE,Identical analytical geometry does not establish identical legal vending areas.
REF_DFEF2A47064E,1,NV_043,9557.467063180125,False,UNVERIFIED_ANALYTICAL_REFERENCE,Identical analytical geometry does not establish identical legal vending areas.
REF_46BF8A27DDF8,1,NV_044,2822.8936414796012,False,UNVERIFIED_ANALYTICAL_REFERENCE,Identical analytical geometry does not establish identical legal vending areas.
REF_504698442D8B,1,NV_046,2822.893641501807,False,UNVERIFIED_ANALYTICAL_REFERENCE,Identical analytical geometry does not establish identical legal vending areas.
REF_D7FA6B0AAC2A,3,NV_047|NV_071|NW_R_018,46.97693380908618,True,UNVERIFIED_ANALYTICAL_REFERENCE,Identical analytical geometry does not establish identical legal vending areas.
REF_F8DF05FE5A4F,1,NV_050,2822.893641501144,False,UNVERIFIED_ANALYTICAL_REFERENCE,Identical analytical geometry does not establish identical legal vending areas.
REF_E9BA42C14DBE,2,NV_051|PAN_F_027,234.30087394138667,True,UNVERIFIED_ANALYTICAL_REFERENCE,Identical analytical geometry does not establish identical legal vending areas.
REF_9EAFB007664F,1,NV_053,474444.0946583454,False,UNVERIFIED_ANALYTICAL_REFERENCE,Identical analytical geometry does not establish identical legal vending areas.
REF_C5840C0433B1,2,NV_054|SAT_F_010,2822.8936415116773,True,UNVERIFIED_ANALYTICAL_REFERENCE,Identical analytical geometry does not establish identical legal vending areas.
REF_449D9EB5C4DB,1,NV_056,2822.89364149817,False,UNVERIFIED_ANALYTICAL_REFERENCE,Identical analytical geometry does not establish identical legal vending areas.
REF_1337E5426A4E,1,NV_057,2123.7682396046785,False,UNVERIFIED_ANALYTICAL_REFERENCE,Identical analytical geometry does not establish identical legal vending areas.
REF_FD136D08164F,2,NV_061|NV_062,23113.121345136355,True,UNVERIFIED_ANALYTICAL_REFERENCE,Identical analytical geometry does not establish identical legal vending areas.
REF_76AC40CE20B2,1,NV_063,9236.600635358276,False,UNVERIFIED_ANALYTICAL_REFERENCE,Identical analytical geometry does not establish identical legal vending areas.
REF_6A21B50C66FB,1,NV_065,778.7955814487843,False,UNVERIFIED_ANALYTICAL_REFERENCE,Identical analytical geometry does not establish identical legal vending areas.
REF_2F67225F7F5D,1,NV_066,2822.8936414933974,False,UNVERIFIED_ANALYTICAL_REFERENCE,Identical analytical geometry does not establish identical legal vending areas.
REF_E938E5D3F983,1,NV_068,2822.893641505284,False,UNVERIFIED_ANALYTICAL_REFERENCE,Identical analytical geometry does not establish identical legal vending areas.
REF_00046D6842A1,1,NV_070,2822.8936414861746,False,UNVERIFIED_ANALYTICAL_REFERENCE,Identical analytical geometry does not establish identical legal vending areas.
REF_639F9B1ACEA8,1,NV_072,2822.8936414961104,False,UNVERIFIED_ANALYTICAL_REFERENCE,Identical analytical geometry does not establish identical legal vending areas.
REF_6C11A418798D,1,NV_073,2822.893641499601,False,UNVERIFIED_ANALYTICAL_REFERENCE,Identical analytical geometry does not establish identical legal vending areas.
REF_6E2E886CFA4A,1,NV_074,13025.925698821387,False,UNVERIFIED_ANALYTICAL_REFERENCE,Identical analytical geometry does not establish identical legal vending areas.
REF_117E6C6209C4,1,NV_077,22870.891997649076,False,UNVERIFIED_ANALYTICAL_REFERENCE,Identical analytical geometry does not establish identical legal vending areas.
REF_5B31DC881596,1,NV_078,26416.621995525285,False,UNVERIFIED_ANALYTICAL_REFERENCE,Identical analytical geometry does not establish identical legal vending areas.
REF_1B40A87C9014,1,NV_079,2822.8936414944637,False,UNVERIFIED_ANALYTICAL_REFERENCE,Identical analytical geometry does not establish identical legal vending areas.
REF_AF09D76A0FE7,1,NV_080,757.3662752885011,False,UNVERIFIED_ANALYTICAL_REFERENCE,Identical analytical geometry does not establish identical legal vending areas.
REF_1684CF9C799B,1,NV_081,1504.377873429146,False,UNVERIFIED_ANALYTICAL_REFERENCE,Identical analytical geometry does not establish identical legal vending areas.
REF_77CFC60326A7,1,NV_083,4718.026118393985,False,UNVERIFIED_ANALYTICAL_REFERENCE,Identical analytical geometry does not establish identical legal vending areas.
REF_C7FFF4696D7D,1,NW_F_002,4651.179296653002,False,UNVERIFIED_ANALYTICAL_REFERENCE,Identical analytical geometry does not establish identical legal vending areas.
REF_F10EA233677D,1,NW_F_003,265929.3559709889,False,UNVERIFIED_ANALYTICAL_REFERENCE,Identical analytical geometry does not establish identical legal vending areas.
REF_B07ADB63C395,1,NW_F_005,2822.8936415011253,False,UNVERIFIED_ANALYTICAL_REFERENCE,Identical analytical geometry does not establish identical legal vending areas.
REF_F28835B00CA4,1,NW_F_006,92.84829615977857,False,UNVERIFIED_ANALYTICAL_REFERENCE,Identical analytical geometry does not establish identical legal vending areas.
REF_B8A64EA31F24,1,NW_F_007,57596.84258043955,False,UNVERIFIED_ANALYTICAL_REFERENCE,Identical analytical geometry does not establish identical legal vending areas.
REF_44841DD45B85,2,NW_F_008|PAN_F_009,129366.01195404923,True,UNVERIFIED_ANALYTICAL_REFERENCE,Identical analytical geometry does not establish identical legal vending areas.
REF_201B3BEA212C,1,NW_F_009,12443.336087215032,False,UNVERIFIED_ANALYTICAL_REFERENCE,Identical analytical geometry does not establish identical legal vending areas.
REF_29B8C851B692,2,NW_F_010|NW_F_012,2822.8936414961954,True,UNVERIFIED_ANALYTICAL_REFERENCE,Identical analytical geometry does not establish identical legal vending areas.
REF_A639AD0019B1,2,NW_F_011|PAN_F_017,828.4883651153789,True,UNVERIFIED_ANALYTICAL_REFERENCE,Identical analytical geometry does not establish identical legal vending areas.
REF_D3EC60E390FB,1,NW_F_013,2822.893641498528,False,UNVERIFIED_ANALYTICAL_REFERENCE,Identical analytical geometry does not establish identical legal vending areas.
REF_4B3C2F12492A,1,NW_F_014,2822.8936414790232,False,UNVERIFIED_ANALYTICAL_REFERENCE,Identical analytical geometry does not establish identical legal vending areas.
REF_673CC18F022C,1,NW_F_016,28257.071677861233,False,UNVERIFIED_ANALYTICAL_REFERENCE,Identical analytical geometry does not establish identical legal vending areas.
REF_2DF329566A85,1,NW_F_018,2822.893641484624,False,UNVERIFIED_ANALYTICAL_REFERENCE,Identical analytical geometry does not establish identical legal vending areas.
REF_4E7AECCD0B49,1,NW_F_019,121855.32303556225,False,UNVERIFIED_ANALYTICAL_REFERENCE,Identical analytical geometry does not establish identical legal vending areas.
REF_1F16C446F254,1,NW_F_020,50779.38860126195,False,UNVERIFIED_ANALYTICAL_REFERENCE,Identical analytical geometry does not establish identical legal vending areas.
REF_A9A83D7BDA03,1,NW_F_022,362.1241615590453,False,UNVERIFIED_ANALYTICAL_REFERENCE,Identical analytical geometry does not establish identical legal vending areas.
REF_67205697A152,1,NW_F_025,57.40092686363764,False,UNVERIFIED_ANALYTICAL_REFERENCE,Identical analytical geometry does not establish identical legal vending areas.
REF_F8FA518E98F2,1,NW_F_026,994.0117503427537,False,UNVERIFIED_ANALYTICAL_REFERENCE,Identical analytical geometry does not establish identical legal vending areas.
REF_1FCDB2D8A5E9,1,NW_F_027,7850.980502578886,False,UNVERIFIED_ANALYTICAL_REFERENCE,Identical analytical geometry does not establish identical legal vending areas.
REF_E691569B8E98,1,NW_R_001,11362.527596088581,False,UNVERIFIED_ANALYTICAL_REFERENCE,Identical analytical geometry does not establish identical legal vending areas.
REF_430543E30DDC,1,NW_R_002,11905.439225113281,False,UNVERIFIED_ANALYTICAL_REFERENCE,Identical analytical geometry does not establish identical legal vending areas.
REF_F02AD7552916,1,NW_R_003,2001.1513958589212,False,UNVERIFIED_ANALYTICAL_REFERENCE,Identical analytical geometry does not establish identical legal vending areas.
REF_DF4F9DAD0C06,1,NW_R_007,2822.8936415098956,False,UNVERIFIED_ANALYTICAL_REFERENCE,Identical analytical geometry does not establish identical legal vending areas.
REF_F9B24341684F,2,NW_R_011|PAN_R_012,83.81708877688439,True,UNVERIFIED_ANALYTICAL_REFERENCE,Identical analytical geometry does not establish identical legal vending areas.
REF_92B90973DC23,1,NW_R_015,12562.967432608199,False,UNVERIFIED_ANALYTICAL_REFERENCE,Identical analytical geometry does not establish identical legal vending areas.
REF_B864A4D94B0D,1,NW_R_017,65781.71509960767,False,UNVERIFIED_ANALYTICAL_REFERENCE,Identical analytical geometry does not establish identical legal vending areas.
REF_627EFA2E29F9,1,PAN_F_001,2822.8936414951627,False,UNVERIFIED_ANALYTICAL_REFERENCE,Identical analytical geometry does not establish identical legal vending areas.
REF_3D5884D24AF8,1,PAN_F_005,3479.8672166015403,False,UNVERIFIED_ANALYTICAL_REFERENCE,Identical analytical geometry does not establish identical legal vending areas.
REF_7709F8503D3E,1,PAN_F_007,116288.40939383591,False,UNVERIFIED_ANALYTICAL_REFERENCE,Identical analytical geometry does not establish identical legal vending areas.
REF_11E907074569,1,PAN_F_010,136805.4333440907,False,UNVERIFIED_ANALYTICAL_REFERENCE,Identical analytical geometry does not establish identical legal vending areas.
REF_31B6A39F7F4B,1,PAN_F_011,2822.8936414798322,False,UNVERIFIED_ANALYTICAL_REFERENCE,Identical analytical geometry does not establish identical legal vending areas.
REF_151CA683D7DD,1,PAN_F_013,185384.9641825378,False,UNVERIFIED_ANALYTICAL_REFERENCE,Identical analytical geometry does not establish identical legal vending areas.
REF_6F6CE733CE7B,1,PAN_F_016,5645.787282978754,False,UNVERIFIED_ANALYTICAL_REFERENCE,Identical analytical geometry does not establish identical legal vending areas.
REF_7548E650B38E,1,PAN_F_018,196040.04627084982,False,UNVERIFIED_ANALYTICAL_REFERENCE,Identical analytical geometry does not establish identical legal vending areas.
REF_F7A1822AB6E9,1,PAN_F_019,2822.893641489763,False,UNVERIFIED_ANALYTICAL_REFERENCE,Identical analytical geometry does not establish identical legal vending areas.
REF_050B1232B8B3,1,PAN_F_020,159509.04554299818,False,UNVERIFIED_ANALYTICAL_REFERENCE,Identical analytical geometry does not establish identical legal vending areas.
REF_D6D54A81A8F8,2,PAN_F_024|PAN_F_035,30315.776452472994,True,UNVERIFIED_ANALYTICAL_REFERENCE,Identical analytical geometry does not establish identical legal vending areas.
REF_56CA2C947DF3,1,PAN_F_026,47678.52521640989,False,UNVERIFIED_ANALYTICAL_REFERENCE,Identical analytical geometry does not establish identical legal vending areas.
REF_8854AADC0F5A,1,PAN_F_030,58247.32978526118,False,UNVERIFIED_ANALYTICAL_REFERENCE,Identical analytical geometry does not establish identical legal vending areas.
REF_C44668A87136,1,PAN_F_031,30044.750750312778,False,UNVERIFIED_ANALYTICAL_REFERENCE,Identical analytical geometry does not establish identical legal vending areas.
REF_F7FF12FC21D8,1,PAN_F_032,2822.893641483544,False,UNVERIFIED_ANALYTICAL_REFERENCE,Identical analytical geometry does not establish identical legal vending areas.
REF_F5F84DED44A0,1,PAN_F_033,7175.766929170539,False,UNVERIFIED_ANALYTICAL_REFERENCE,Identical analytical geometry does not establish identical legal vending areas.
REF_D66BFFE62F2E,1,PAN_F_034,77.79450313377953,False,UNVERIFIED_ANALYTICAL_REFERENCE,Identical analytical geometry does not establish identical legal vending areas.
REF_107CB3EFDB8F,1,PAN_F_036,93620.56370874558,False,UNVERIFIED_ANALYTICAL_REFERENCE,Identical analytical geometry does not establish identical legal vending areas.
REF_E49C111DFACF,1,PAN_F_038,6854.935390097377,False,UNVERIFIED_ANALYTICAL_REFERENCE,Identical analytical geometry does not establish identical legal vending areas.
REF_5C334FD26A0D,1,PAN_R_001,81652.99378807572,False,UNVERIFIED_ANALYTICAL_REFERENCE,Identical analytical geometry does not establish identical legal vending areas.
REF_FE4597CD5773,1,PAN_R_002,58539.872442930224,False,UNVERIFIED_ANALYTICAL_REFERENCE,Identical analytical geometry does not establish identical legal vending areas.
REF_54D81CB36AD3,1,PAN_R_003,21096.457871282335,False,UNVERIFIED_ANALYTICAL_REFERENCE,Identical analytical geometry does not establish identical legal vending areas.
REF_A2ED01847530,1,PAN_R_004,3702.0853332338916,False,UNVERIFIED_ANALYTICAL_REFERENCE,Identical analytical geometry does not establish identical legal vending areas.
REF_929FB0F839A7,1,PAN_R_005,486887.4307458126,False,UNVERIFIED_ANALYTICAL_REFERENCE,Identical analytical geometry does not establish identical legal vending areas.
REF_5ECFB468E7C0,1,PAN_R_006,2822.893641497385,False,UNVERIFIED_ANALYTICAL_REFERENCE,Identical analytical geometry does not establish identical legal vending areas.
REF_0820BDF4596C,1,PAN_R_007,19.696029398514117,False,UNVERIFIED_ANALYTICAL_REFERENCE,Identical analytical geometry does not establish identical legal vending areas.
REF_47EF462D66B8,1,PAN_R_008,2822.893641502389,False,UNVERIFIED_ANALYTICAL_REFERENCE,Identical analytical geometry does not establish identical legal vending areas.
REF_9B0A3F8E5999,1,PAN_R_011,3754.6126456280026,False,UNVERIFIED_ANALYTICAL_REFERENCE,Identical analytical geometry does not establish identical legal vending areas.
REF_6773002C9CB1,1,SAT_F_002,217.5263551192942,False,UNVERIFIED_ANALYTICAL_REFERENCE,Identical analytical geometry does not establish identical legal vending areas.
REF_A998269DC26A,1,SAT_F_003,126.95554744016364,False,UNVERIFIED_ANALYTICAL_REFERENCE,Identical analytical geometry does not establish identical legal vending areas.
REF_C3E4EA29F045,1,SAT_F_005,2822.89364149933,False,UNVERIFIED_ANALYTICAL_REFERENCE,Identical analytical geometry does not establish identical legal vending areas.
REF_771979E48478,1,SAT_F_006,7304.175980079716,False,UNVERIFIED_ANALYTICAL_REFERENCE,Identical analytical geometry does not establish identical legal vending areas.
REF_5EFCF76E3D77,1,SAT_F_007,98887.04591691535,False,UNVERIFIED_ANALYTICAL_REFERENCE,Identical analytical geometry does not establish identical legal vending areas.
REF_AEB2128F4B2C,1,SAT_F_008,42287.59603504406,False,UNVERIFIED_ANALYTICAL_REFERENCE,Identical analytical geometry does not establish identical legal vending areas.
REF_57669307F36B,1,SAT_F_012,1453.6279853858678,False,UNVERIFIED_ANALYTICAL_REFERENCE,Identical analytical geometry does not establish identical legal vending areas.
REF_701255A7442D,1,SAT_F_015,2822.893641494032,False,UNVERIFIED_ANALYTICAL_REFERENCE,Identical analytical geometry does not establish identical legal vending areas.
REF_E97E2D36AEC0,1,SAT_F_016,132873.48109221162,False,UNVERIFIED_ANALYTICAL_REFERENCE,Identical analytical geometry does not establish identical legal vending areas.
REF_8D5D4204E42D,1,SAT_F_017,42606.40825295152,False,UNVERIFIED_ANALYTICAL_REFERENCE,Identical analytical geometry does not establish identical legal vending areas.
REF_CFE422F00E75,1,SAT_F_019,2822.8936414821733,False,UNVERIFIED_ANALYTICAL_REFERENCE,Identical analytical geometry does not establish identical legal vending areas.
REF_68F9FF59EC22,2,SAT_F_020|SAT_F_023,2822.8936415019803,True,UNVERIFIED_ANALYTICAL_REFERENCE,Identical analytical geometry does not establish identical legal vending areas.
REF_B12E9A1532D2,1,SAT_F_021,2822.8936415029,False,UNVERIFIED_ANALYTICAL_REFERENCE,Identical analytical geometry does not establish identical legal vending areas.
REF_8DA1FF1A9CEF,1,SAT_F_022,78834.7757800869,False,UNVERIFIED_ANALYTICAL_REFERENCE,Identical analytical geometry does not establish identical legal vending areas.
REF_166B0E0FB67B,1,SAT_F_024,2822.893641513628,False,UNVERIFIED_ANALYTICAL_REFERENCE,Identical analytical geometry does not establish identical legal vending areas.
REF_DC04CD9A439B,1,SAT_F_025,1360.3090973970193,False,UNVERIFIED_ANALYTICAL_REFERENCE,Identical analytical geometry does not establish identical legal vending areas.
REF_FE5AF4495116,1,SAT_R_001,2822.8936414722875,False,UNVERIFIED_ANALYTICAL_REFERENCE,Identical analytical geometry does not establish identical legal vending areas.
REF_713BD99A6011,1,SAT_R_002,44093.309759905984,False,UNVERIFIED_ANALYTICAL_REFERENCE,Identical analytical geometry does not establish identical legal vending areas.
