zone_id,division,zone_type,official_description,geometry_method,source_confidence,geometry_status,geometry_review_status,official_boundary_verified,reference_group_id,shared_reference_group_size,shared_reference,reference_audit_status,exact_site_verified,reference_warning
NE_F_001,Nashik East,FREE,Vacant platforms and open space within Phule Market.,VENDOR_REFERENCE_UNION,LIKELY,REFERENCE_LIKELY,NOT_INDEPENDENTLY_VERIFIED,False,REF_F0200AB4D0E8,15,True,REFERENCE_READY_SHARED,False,Environmental context is shared with other official zones; exact site-level distinction requires geometry verification.
NE_F_002,Nashik East,FREE,"Shivneri Chowk, Kathada Road.",VENDOR_REFERENCE_UNION,HIGH,REFERENCE_HIGH,NOT_INDEPENDENTLY_VERIFIED,False,REF_5C8511399D9E,1,False,REFERENCE_READY_UNIQUE,False,Analytical reference only; official site-level boundary not independently verified.
NE_F_003,Nashik East,FREE,Roadside along the western side of 100 Feet Tigarania Company Road.,VENDOR_REFERENCE_UNION,LIKELY,REFERENCE_LIKELY,NOT_INDEPENDENTLY_VERIFIED,False,REF_DC0BAA201688,3,True,REFERENCE_READY_SHARED,False,Environmental context is shared with other official zones; exact site-level distinction requires geometry verification.
NE_F_004,Nashik East,FREE,"Along the western compound wall of Trikoni Garden, on an 80-foot-long roadside stretch near Aathvan Hotel, Gajar Park, Tapovan Road and Saubhagya Society.",VENDOR_REFERENCE_UNION,LIKELY,REFERENCE_LIKELY,NOT_INDEPENDENTLY_VERIFIED,False,REF_D5B4BF71ABCE,1,False,REFERENCE_READY_UNIQUE,False,Analytical reference only; official site-level boundary not independently verified.
NE_F_005,Nashik East,FREE,"Gumshah Baba Chowk, Nanavali Road, along the NMC school wall, leaving the prescribed distance from the dargah.",VENDOR_REFERENCE_UNION,LIKELY,REFERENCE_LIKELY,NOT_INDEPENDENTLY_VERIFIED,False,REF_5334887687FD,1,False,REFERENCE_READY_UNIQUE,False,Analytical reference only; official site-level boundary not independently verified.
NE_F_006,Nashik East,FREE,Along the compound wall of Jauddin Mill.,UNRESOLVED,UNRESOLVED,NO_USABLE_REFERENCE,NOT_INDEPENDENTLY_VERIFIED,False,,0,False,NO_USABLE_REFERENCE,False,No usable analytical reference geometry.
NE_F_007,Nashik East,FREE,"Open space opposite Survey No. 262, Rukmini Nagar, near Pakhal Road and Ashoka Marg, leaving the corner of the 150-foot road on the western side.",VENDOR_REFERENCE_UNION,HIGH,REFERENCE_HIGH,NOT_INDEPENDENTLY_VERIFIED,False,REF_FEA8682F6F87,1,False,REFERENCE_READY_UNIQUE,False,Analytical reference only; official site-level boundary not independently verified.
NE_F_008,Nashik East,FREE,"Inside Indiranagar Jogging Track, along the existing wall behind the NMC attendance shed near Sainath Nagar Chowfuli.",VENDOR_REFERENCE_UNION,HIGH,REFERENCE_HIGH,NOT_INDEPENDENTLY_VERIFIED,False,REF_744E555C6AC2,1,False,REFERENCE_READY_UNIQUE,False,Analytical reference only; official site-level boundary not independently verified.
NE_F_009,Nashik East,FREE,"Open space on the western side of the NMC sub-office at Indiranagar, beside Lok Suvidha Kendra.",UNRESOLVED,UNRESOLVED,NO_USABLE_REFERENCE,NOT_INDEPENDENTLY_VERIFIED,False,,0,False,NO_USABLE_REFERENCE,False,No usable analytical reference geometry.
NE_F_010,Nashik East,FREE,Open space within Krushnakant Vegetable Market.,VENDOR_REFERENCE_UNION,LIKELY,REFERENCE_LIKELY,NOT_INDEPENDENTLY_VERIFIED,False,REF_F0200AB4D0E8,15,True,REFERENCE_READY_SHARED,False,Environmental context is shared with other official zones; exact site-level distinction requires geometry verification.
NE_F_011,Nashik East,FREE,Space at the corner of Bharat Nagar.,VENDOR_REFERENCE_UNION,LIKELY,REFERENCE_LIKELY,NOT_INDEPENDENTLY_VERIFIED,False,REF_0003CB977A62,1,False,REFERENCE_READY_UNIQUE,False,Analytical reference only; official site-level boundary not independently verified.
NE_F_012,Nashik East,FREE,"Shivaji Nagar, beside Reliance Mall near Datta Mandir, Datta Mandir Road.",VENDOR_REFERENCE_UNION,LIKELY,REFERENCE_LIKELY,NOT_INDEPENDENTLY_VERIFIED,False,REF_0D6F3D532DAB,1,False,REFERENCE_READY_UNIQUE,False,Analytical reference only; official site-level boundary not independently verified.
NE_F_013,Nashik East,FREE,"Along the 80-foot NMC road near Makarand Colony on the Upnagar-Dasak boundary, intended for rehabilitation.",UNRESOLVED,UNRESOLVED,NO_USABLE_REFERENCE,NOT_INDEPENDENTLY_VERIFIED,False,,0,False,NO_USABLE_REFERENCE,False,No usable analytical reference geometry.
NE_F_014,Nashik East,FREE,Platforms constructed by NMC in the vegetable market at Old Sindhi Colony.,VENDOR_REFERENCE_UNION,LIKELY,REFERENCE_LIKELY,NOT_INDEPENDENTLY_VERIFIED,False,REF_F0200AB4D0E8,15,True,REFERENCE_READY_SHARED,False,Environmental context is shared with other official zones; exact site-level distinction requires geometry verification.
NE_F_015,Nashik East,FREE,Along one side of the road from Gosavi Nagar to the Takli boundary.,OSM_NAMED_LINE_BUFFER,HIGH,REFERENCE_HIGH,NOT_INDEPENDENTLY_VERIFIED,False,REF_3324364722DA,1,False,REFERENCE_READY_UNIQUE,False,Analytical reference only; official site-level boundary not independently verified.
NE_F_016,Nashik East,FREE,Along the drain on Amardham Road.,VENDOR_REFERENCE_UNION,HIGH,REFERENCE_HIGH,NOT_INDEPENDENTLY_VERIFIED,False,REF_1A9E5971E234,1,False,REFERENCE_READY_UNIQUE,False,Analytical reference only; official site-level boundary not independently verified.
NE_R_001,Nashik East,RESTRICTED,"Tractor House, road towards Laxminarayan Ghat, Old Manur Road.",VENDOR_REFERENCE_UNION,HIGH,REFERENCE_HIGH,NOT_INDEPENDENTLY_VERIFIED,False,REF_DFEC571C3E39,1,False,REFERENCE_READY_UNIQUE,False,Analytical reference only; official site-level boundary not independently verified.
NE_R_002,Nashik East,RESTRICTED,"Bhadrakali milk-market area, adjacent to Ganpati Temple.",OSM_NAMED_POINT_BUFFER,HIGH,REFERENCE_HIGH,NOT_INDEPENDENTLY_VERIFIED,False,REF_9E489613A244,1,False,REFERENCE_READY_UNIQUE,False,Analytical reference only; official site-level boundary not independently verified.
NW_F_001,Nashik West,FREE,"Space behind Sharanpur Vegetable Market, adjacent to the gymnasium, on both sides.",VENDOR_REFERENCE_UNION,LIKELY,REFERENCE_LIKELY,NOT_INDEPENDENTLY_VERIFIED,False,REF_F0200AB4D0E8,15,True,REFERENCE_READY_SHARED,False,Environmental context is shared with other official zones; exact site-level distinction requires geometry verification.
NW_F_002,Nashik West,FREE,Space beside the MSEB compound at Sharanpur Mini Market.,VENDOR_REFERENCE_UNION,LIKELY,REFERENCE_LIKELY,NOT_INDEPENDENTLY_VERIFIED,False,REF_C7FFF4696D7D,1,False,REFERENCE_READY_UNIQUE,False,Analytical reference only; official site-level boundary not independently verified.
NW_F_003,Nashik West,FREE,"Space behind Hotel Green View, along Canal Road, on both sides.",VENDOR_REFERENCE_UNION,HIGH,REFERENCE_HIGH,NOT_INDEPENDENTLY_VERIFIED,False,REF_F10EA233677D,1,False,REFERENCE_READY_UNIQUE,False,Analytical reference only; official site-level boundary not independently verified.
NW_F_004,Nashik West,FREE,"Gangawadi grass-market ground, on both sides.",VENDOR_REFERENCE_UNION,LIKELY,REFERENCE_LIKELY,NOT_INDEPENDENTLY_VERIFIED,False,REF_D72EE4D93C39,3,True,REFERENCE_READY_SHARED,False,Environmental context is shared with other official zones; exact site-level distinction requires geometry verification.
NW_F_005,Nashik West,FREE,Stretch from Phanibaba Dargah to Gangawadi Garden.,VENDOR_REFERENCE_UNION,LIKELY,REFERENCE_LIKELY,NOT_INDEPENDENTLY_VERIFIED,False,REF_B07ADB63C395,1,False,REFERENCE_READY_UNIQUE,False,Analytical reference only; official site-level boundary not independently verified.
NW_F_006,Nashik West,FREE,Near Hanuman Ghat.,VENDOR_REFERENCE_UNION,LIKELY,REFERENCE_LIKELY,NOT_INDEPENDENTLY_VERIFIED,False,REF_F28835B00CA4,1,False,REFERENCE_READY_UNIQUE,False,Analytical reference only; official site-level boundary not independently verified.
NW_F_007,Nashik West,FREE,"Space beside the tennis court in D'Souza Colony, along the canal-side strip.",VENDOR_REFERENCE_UNION,HIGH,REFERENCE_HIGH,NOT_INDEPENDENTLY_VERIFIED,False,REF_B8A64EA31F24,1,False,REFERENCE_READY_UNIQUE,False,Analytical reference only; official site-level boundary not independently verified.
NW_F_008,Nashik West,FREE,"Space behind the Senior Citizens Association, on the canal-side land.",VENDOR_REFERENCE_UNION,LIKELY,REFERENCE_LIKELY,NOT_INDEPENDENTLY_VERIFIED,False,REF_44841DD45B85,2,True,REFERENCE_READY_SHARED,False,Environmental context is shared with other official zones; exact site-level distinction requires geometry verification.
NW_F_009,Nashik West,FREE,Roadside behind City Centre Mall.,VENDOR_REFERENCE_UNION,LIKELY,REFERENCE_LIKELY,NOT_INDEPENDENTLY_VERIFIED,False,REF_201B3BEA212C,1,False,REFERENCE_READY_UNIQUE,False,Analytical reference only; official site-level boundary not independently verified.
NW_F_010,Nashik West,FREE,Roadside space along the open space opposite Sandeep Hotel.,VENDOR_REFERENCE_UNION,LIKELY,REFERENCE_LIKELY,NOT_INDEPENDENTLY_VERIFIED,False,REF_29B8C851B692,2,True,REFERENCE_READY_SHARED,False,Environmental context is shared with other official zones; exact site-level distinction requires geometry verification.
NW_F_011,Nashik West,FREE,Space beside the old NMC school building at Mumbai Naka.,VENDOR_REFERENCE_UNION,HIGH,REFERENCE_HIGH,NOT_INDEPENDENTLY_VERIFIED,False,REF_A639AD0019B1,2,True,REFERENCE_READY_SHARED,False,Environmental context is shared with other official zones; exact site-level distinction requires geometry verification.
NW_F_012,Nashik West,FREE,"Open space opposite Hindu Samaj Seva Sangh, near Jhankar Hotel.",VENDOR_REFERENCE_UNION,LIKELY,REFERENCE_LIKELY,NOT_INDEPENDENTLY_VERIFIED,False,REF_29B8C851B692,2,True,REFERENCE_READY_SHARED,False,Environmental context is shared with other official zones; exact site-level distinction requires geometry verification.
NW_F_013,Nashik West,FREE,"Pumping Station Road, space adjacent to Ram Mandir Garden.",OSM_NAMED_POINT_BUFFER,HIGH,REFERENCE_HIGH,NOT_INDEPENDENTLY_VERIFIED,False,REF_D3EC60E390FB,1,False,REFERENCE_READY_UNIQUE,False,Analytical reference only; official site-level boundary not independently verified.
NW_F_014,Nashik West,FREE,"Madhav Ashram / Sai Prerna Apartment area, Vanvihar Colony, Parijat Nagar.",OSM_NAMED_POINT_BUFFER,HIGH,REFERENCE_HIGH,NOT_INDEPENDENTLY_VERIFIED,False,REF_4B3C2F12492A,1,False,REFERENCE_READY_UNIQUE,False,Analytical reference only; official site-level boundary not independently verified.
NW_F_015,Nashik West,FREE,"Road behind Kulkarni Garden, along the garden opposite Hotel Shraddha. (Zone cancelled.)",UNRESOLVED,UNRESOLVED,NO_USABLE_REFERENCE,NOT_INDEPENDENTLY_VERIFIED,False,,0,False,NO_USABLE_REFERENCE,False,No usable analytical reference geometry.
NW_F_016,Nashik West,FREE,"Bhadrakali Taxi Stand / Matangwada area, along the stretch from Bhadrakali towards Main Road.",VENDOR_REFERENCE_UNION,LIKELY,REFERENCE_LIKELY,NOT_INDEPENDENTLY_VERIFIED,False,REF_673CC18F022C,1,False,REFERENCE_READY_UNIQUE,False,Analytical reference only; official site-level boundary not independently verified.
NW_F_017,Nashik West,FREE,"Bhadrakali vegetable-market ground, near Kondaji Chivda.",VENDOR_REFERENCE_UNION,LIKELY,REFERENCE_LIKELY,NOT_INDEPENDENTLY_VERIFIED,False,REF_F0200AB4D0E8,15,True,REFERENCE_READY_SHARED,False,Environmental context is shared with other official zones; exact site-level distinction requires geometry verification.
NW_F_018,Nashik West,FREE,"Open space near Boys Town, opposite Siddharth Nagar slum area.",VENDOR_REFERENCE_UNION,LIKELY,REFERENCE_LIKELY,NOT_INDEPENDENTLY_VERIFIED,False,REF_2DF329566A85,1,False,REFERENCE_READY_UNIQUE,False,Analytical reference only; official site-level boundary not independently verified.
NW_F_019,Nashik West,FREE,Near the ST Workshop on N. D. Patel Road.,VENDOR_REFERENCE_UNION,HIGH,REFERENCE_HIGH,NOT_INDEPENDENTLY_VERIFIED,False,REF_4E7AECCD0B49,1,False,REFERENCE_READY_UNIQUE,False,Analytical reference only; official site-level boundary not independently verified.
NW_F_020,Nashik West,FREE,"Lane beside Hotel Priya, opposite CBS, on one side of the road.",VENDOR_REFERENCE_UNION,LIKELY,REFERENCE_LIKELY,NOT_INDEPENDENTLY_VERIFIED,False,REF_1F16C446F254,1,False,REFERENCE_READY_UNIQUE,False,Analytical reference only; official site-level boundary not independently verified.
NW_F_021,Nashik West,FREE,Milk Market.,VENDOR_REFERENCE_UNION,LIKELY,REFERENCE_LIKELY,NOT_INDEPENDENTLY_VERIFIED,False,REF_F0200AB4D0E8,15,True,REFERENCE_READY_SHARED,False,Environmental context is shared with other official zones; exact site-level distinction requires geometry verification.
NW_F_022,Nashik West,FREE,"Space opposite Prabhat Theatre, Bhadrakali.",VENDOR_REFERENCE_UNION,LIKELY,REFERENCE_LIKELY,NOT_INDEPENDENTLY_VERIFIED,False,REF_A9A83D7BDA03,1,False,REFERENCE_READY_UNIQUE,False,Analytical reference only; official site-level boundary not independently verified.
NW_F_023,Nashik West,FREE,Saraswati Lane.,UNRESOLVED,UNRESOLVED,NO_USABLE_REFERENCE,NOT_INDEPENDENTLY_VERIFIED,False,,0,False,NO_USABLE_REFERENCE,False,No usable analytical reference geometry.
NW_F_024,Nashik West,FREE,"Chitramandir, Vishrambaug area.",OSM_NAMED_POLYGON,LIKELY,REFERENCE_LIKELY,NOT_INDEPENDENTLY_VERIFIED,False,REF_D2AE3F069677,12,True,REFERENCE_READY_SHARED,False,Environmental context is shared with other official zones; exact site-level distinction requires geometry verification.
NW_F_025,Nashik West,FREE,"Balaji Temple, Tilbhandeshwar Lane.",VENDOR_REFERENCE_UNION,HIGH,REFERENCE_HIGH,NOT_INDEPENDENTLY_VERIFIED,False,REF_67205697A152,1,False,REFERENCE_READY_UNIQUE,False,Analytical reference only; official site-level boundary not independently verified.
NW_F_026,Nashik West,FREE,Open plot near Akashvani Kendra.,OSM_NAMED_POLYGON,LIKELY,REFERENCE_LIKELY,NOT_INDEPENDENTLY_VERIFIED,False,REF_F8FA518E98F2,1,False,REFERENCE_READY_UNIQUE,False,Analytical reference only; official site-level boundary not independently verified.
NW_F_027,Nashik West,FREE,"Behind the Divisional Referral Hospital at Navapura, along the road from Shivaji Road to Pimpalpar.",VENDOR_REFERENCE_UNION,HIGH,REFERENCE_HIGH,NOT_INDEPENDENTLY_VERIFIED,False,REF_1FCDB2D8A5E9,1,False,REFERENCE_READY_UNIQUE,False,Analytical reference only; official site-level boundary not independently verified.
NW_R_001,Nashik West,RESTRICTED,D'Souza Colony.,OSM_NAMED_LINE_BUFFER,HIGH,REFERENCE_HIGH,NOT_INDEPENDENTLY_VERIFIED,False,REF_E691569B8E98,1,False,REFERENCE_READY_UNIQUE,False,Analytical reference only; official site-level boundary not independently verified.
NW_R_002,Nashik West,RESTRICTED,Kalpana Nagar.,OSM_NAMED_LINE_BUFFER,HIGH,REFERENCE_HIGH,NOT_INDEPENDENTLY_VERIFIED,False,REF_430543E30DDC,1,False,REFERENCE_READY_UNIQUE,False,Analytical reference only; official site-level boundary not independently verified.
NW_R_003,Nashik West,RESTRICTED,Model Colony.,OSM_NAMED_LINE_BUFFER,LIKELY,REFERENCE_LIKELY,NOT_INDEPENDENTLY_VERIFIED,False,REF_F02AD7552916,1,False,REFERENCE_READY_UNIQUE,False,Analytical reference only; official site-level boundary not independently verified.
NW_R_004,Nashik West,RESTRICTED,Krushi Nagar.,UNRESOLVED,UNRESOLVED,NO_USABLE_REFERENCE,NOT_INDEPENDENTLY_VERIFIED,False,,0,False,NO_USABLE_REFERENCE,False,No usable analytical reference geometry.
NW_R_005,Nashik West,RESTRICTED,Utkarsh Nagar.,UNRESOLVED,UNRESOLVED,NO_USABLE_REFERENCE,NOT_INDEPENDENTLY_VERIFIED,False,,0,False,NO_USABLE_REFERENCE,False,No usable analytical reference geometry.
NW_R_006,Nashik West,RESTRICTED,Lavhate Nagar.,UNRESOLVED,UNRESOLVED,NO_USABLE_REFERENCE,NOT_INDEPENDENTLY_VERIFIED,False,,0,False,NO_USABLE_REFERENCE,False,No usable analytical reference geometry.
NW_R_007,Nashik West,RESTRICTED,Laxmi Nagar.,OSM_NAMED_POINT_BUFFER,HIGH,REFERENCE_HIGH,NOT_INDEPENDENTLY_VERIFIED,False,REF_DF4F9DAD0C06,1,False,REFERENCE_READY_UNIQUE,False,Analytical reference only; official site-level boundary not independently verified.
NW_R_008,Nashik West,RESTRICTED,Patil Colony.,UNRESOLVED,UNRESOLVED,NO_USABLE_REFERENCE,NOT_INDEPENDENTLY_VERIFIED,False,,0,False,NO_USABLE_REFERENCE,False,No usable analytical reference geometry.
NW_R_009,Nashik West,RESTRICTED,Advait Colony.,UNRESOLVED,UNRESOLVED,NO_USABLE_REFERENCE,NOT_INDEPENDENTLY_VERIFIED,False,,0,False,NO_USABLE_REFERENCE,False,No usable analytical reference geometry.
NW_R_010,Nashik West,RESTRICTED,Vise Mala.,UNRESOLVED,UNRESOLVED,NO_USABLE_REFERENCE,NOT_INDEPENDENTLY_VERIFIED,False,,0,False,NO_USABLE_REFERENCE,False,No usable analytical reference geometry.
NW_R_011,Nashik West,RESTRICTED,Jaldhara.,OSM_NAMED_POLYGON,LIKELY,REFERENCE_LIKELY,NOT_INDEPENDENTLY_VERIFIED,False,REF_F9B24341684F,2,True,REFERENCE_READY_SHARED,False,Environmental context is shared with other official zones; exact site-level distinction requires geometry verification.
NW_R_012,Nashik West,RESTRICTED,Holaram Colony.,UNRESOLVED,UNRESOLVED,NO_USABLE_REFERENCE,NOT_INDEPENDENTLY_VERIFIED,False,,0,False,NO_USABLE_REFERENCE,False,No usable analytical reference geometry.
NW_R_013,Nashik West,RESTRICTED,P & T Colony.,UNRESOLVED,UNRESOLVED,NO_USABLE_REFERENCE,NOT_INDEPENDENTLY_VERIFIED,False,,0,False,NO_USABLE_REFERENCE,False,No usable analytical reference geometry.
NW_R_014,Nashik West,RESTRICTED,Parnashree Society.,UNRESOLVED,UNRESOLVED,NO_USABLE_REFERENCE,NOT_INDEPENDENTLY_VERIFIED,False,,0,False,NO_USABLE_REFERENCE,False,No usable analytical reference geometry.
NW_R_015,Nashik West,RESTRICTED,Raka Colony.,VENDOR_REFERENCE_UNION,LIKELY,REFERENCE_LIKELY,NOT_INDEPENDENTLY_VERIFIED,False,REF_92B90973DC23,1,False,REFERENCE_READY_UNIQUE,False,Analytical reference only; official site-level boundary not independently verified.
NW_R_016,Nashik West,RESTRICTED,Tidke Colony.,UNRESOLVED,UNRESOLVED,NO_USABLE_REFERENCE,NOT_INDEPENDENTLY_VERIFIED,False,,0,False,NO_USABLE_REFERENCE,False,No usable analytical reference geometry.
NW_R_017,Nashik West,RESTRICTED,Sambhaji Chowk area.,VENDOR_REFERENCE_UNION,LIKELY,REFERENCE_LIKELY,NOT_INDEPENDENTLY_VERIFIED,False,REF_B864A4D94B0D,1,False,REFERENCE_READY_UNIQUE,False,Analytical reference only; official site-level boundary not independently verified.
NW_R_018,Nashik West,RESTRICTED,Tupsakhare Lawn area.,OSM_NAMED_POLYGON,LIKELY,REFERENCE_LIKELY,NOT_INDEPENDENTLY_VERIFIED,False,REF_D7FA6B0AAC2A,3,True,REFERENCE_READY_SHARED,False,Environmental context is shared with other official zones; exact site-level distinction requires geometry verification.
NW_R_019,Nashik West,RESTRICTED,Along internal roads between ABB Circle and Jehan Circle via Mahatmanagar Road.,UNRESOLVED,UNRESOLVED,NO_USABLE_REFERENCE,NOT_INDEPENDENTLY_VERIFIED,False,,0,False,NO_USABLE_REFERENCE,False,No usable analytical reference geometry.
PAN_F_001,Panchavati,FREE,Adgaon Holi Chowk.,VENDOR_REFERENCE_UNION,LIKELY,REFERENCE_LIKELY,NOT_INDEPENDENTLY_VERIFIED,False,REF_627EFA2E29F9,1,False,REFERENCE_READY_UNIQUE,False,Analytical reference only; official site-level boundary not independently verified.
PAN_F_002,Panchavati,FREE,"Adgaon Bus Stop, near Samaj Mandir.",OSM_NAMED_POLYGON,LIKELY,REFERENCE_LIKELY,NOT_INDEPENDENTLY_VERIFIED,False,REF_D2AE3F069677,12,True,REFERENCE_READY_SHARED,False,Environmental context is shared with other official zones; exact site-level distinction requires geometry verification.
PAN_F_003,Panchavati,FREE,"Adjacent to Adgaon Bus Stop, beside Mahalaxmi Garden.",UNRESOLVED,UNRESOLVED,NO_USABLE_REFERENCE,NOT_INDEPENDENTLY_VERIFIED,False,,0,False,NO_USABLE_REFERENCE,False,No usable analytical reference geometry.
PAN_F_004,Panchavati,FREE,From Mhasrul Vegetable Market up to Samaj Mandir.,VENDOR_REFERENCE_UNION,LIKELY,REFERENCE_LIKELY,NOT_INDEPENDENTLY_VERIFIED,False,REF_F0200AB4D0E8,15,True,REFERENCE_READY_SHARED,False,Environmental context is shared with other official zones; exact site-level distinction requires geometry verification.
PAN_F_005,Panchavati,FREE,"Prabhat Nagar, along the Samaj Mandir compound wall on Makhmalabad Link Road.",OSM_NAMED_LINE_BUFFER,HIGH,REFERENCE_HIGH,NOT_INDEPENDENTLY_VERIFIED,False,REF_3D5884D24AF8,1,False,REFERENCE_READY_UNIQUE,False,Analytical reference only; official site-level boundary not independently verified.
PAN_F_006,Panchavati,FREE,NMC open space in Nandurgaon between Samaj Mandir and the Sulabh public toilet.,OSM_NAMED_POLYGON,LIKELY,REFERENCE_LIKELY,NOT_INDEPENDENTLY_VERIFIED,False,REF_D2AE3F069677,12,True,REFERENCE_READY_SHARED,False,Environmental context is shared with other official zones; exact site-level distinction requires geometry verification.
PAN_F_007,Panchavati,FREE,"Area near the water channel between Dindori Road and Peth Road, subject to final approval of the Irrigation Department.",VENDOR_REFERENCE_UNION,HIGH,REFERENCE_HIGH,NOT_INDEPENDENTLY_VERIFIED,False,REF_7709F8503D3E,1,False,REFERENCE_READY_UNIQUE,False,Analytical reference only; official site-level boundary not independently verified.
PAN_F_008,Panchavati,FREE,"Tarwala Nagar, Dindori Road-Hirawadi Link Road, near Raje Sambhaji Chowk, along the reserved-garden wall at Survey No. 159.",OSM_NAMED_LINE_BUFFER,HIGH,REFERENCE_HIGH,NOT_INDEPENDENTLY_VERIFIED,False,REF_8191CF1C7D34,3,True,REFERENCE_READY_SHARED,False,Environmental context is shared with other official zones; exact site-level distinction requires geometry verification.
PAN_F_009,Panchavati,FREE,"Canal-side footpath space on Peth Road, subject to final approval of the Irrigation Department.",VENDOR_REFERENCE_UNION,HIGH,REFERENCE_HIGH,NOT_INDEPENDENTLY_VERIFIED,False,REF_44841DD45B85,2,True,REFERENCE_READY_SHARED,False,Environmental context is shared with other official zones; exact site-level distinction requires geometry verification.
PAN_F_010,Panchavati,FREE,"Along the MERI Office compound wall on Dindori Road, from Goraksh Nagar to the RTO Corner.",VENDOR_REFERENCE_UNION,LIKELY,REFERENCE_LIKELY,NOT_INDEPENDENTLY_VERIFIED,False,REF_11E907074569,1,False,REFERENCE_READY_UNIQUE,False,Analytical reference only; official site-level boundary not independently verified.
PAN_F_011,Panchavati,FREE,Beside Mahalaxmi Temple near Makhmalabad Bus Stop.,OSM_NAMED_POINT_BUFFER,LIKELY,REFERENCE_LIKELY,NOT_INDEPENDENTLY_VERIFIED,False,REF_31B6A39F7F4B,1,False,REFERENCE_READY_UNIQUE,False,Analytical reference only; official site-level boundary not independently verified.
PAN_F_012,Panchavati,FREE,"Makhmalabad-Mhasrul Link Road, Irrigation Colony, along the reserved-garden compound wall opposite Hotel Manas.",OSM_NAMED_LINE_BUFFER,HIGH,REFERENCE_HIGH,NOT_INDEPENDENTLY_VERIFIED,False,REF_C4EBE555F05C,2,True,REFERENCE_READY_SHARED,False,Environmental context is shared with other official zones; exact site-level distinction requires geometry verification.
PAN_F_013,Panchavati,FREE,"Near Nilgiri Baug and the NMC housing scheme, Survey No. 270.",VENDOR_REFERENCE_UNION,LIKELY,REFERENCE_LIKELY,NOT_INDEPENDENTLY_VERIFIED,False,REF_151CA683D7DD,1,False,REFERENCE_READY_UNIQUE,False,Analytical reference only; official site-level boundary not independently verified.
PAN_F_014,Panchavati,FREE,"Near the Adivasi Ashram School, Borgad Colony, Dindori Road.",OSM_NAMED_LINE_BUFFER,HIGH,REFERENCE_HIGH,NOT_INDEPENDENTLY_VERIFIED,False,REF_8191CF1C7D34,3,True,REFERENCE_READY_SHARED,False,Environmental context is shared with other official zones; exact site-level distinction requires geometry verification.
PAN_F_015,Panchavati,FREE,"Near K. K. Wagh Engineering College, along Irrigation Department land, on the road towards the bidi workers' colony.",OSM_NAMED_LINE_BUFFER,HIGH,REFERENCE_HIGH,NOT_INDEPENDENTLY_VERIFIED,False,REF_1305EAF3A4F9,2,True,REFERENCE_READY_SHARED,False,Environmental context is shared with other official zones; exact site-level distinction requires geometry verification.
PAN_F_016,Panchavati,FREE,"Shri Dattanagar Garden, Konark Nagar.",VENDOR_REFERENCE_UNION,LIKELY,REFERENCE_LIKELY,NOT_INDEPENDENTLY_VERIFIED,False,REF_6F6CE733CE7B,1,False,REFERENCE_READY_UNIQUE,False,Analytical reference only; official site-level boundary not independently verified.
PAN_F_017,Panchavati,FREE,"Near Shri Swami Samarth Kendra, opposite the NMC school, at Bidi Kamgar Garden.",OSM_NAMED_POLYGON,LIKELY,REFERENCE_LIKELY,NOT_INDEPENDENTLY_VERIFIED,False,REF_A639AD0019B1,2,True,REFERENCE_READY_SHARED,False,Environmental context is shared with other official zones; exact site-level distinction requires geometry verification.
PAN_F_018,Panchavati,FREE,Road from Chamunda Chowk on Hirawadi Road towards Prashant Dada Chowk.,VENDOR_REFERENCE_UNION,LIKELY,REFERENCE_LIKELY,NOT_INDEPENDENTLY_VERIFIED,False,REF_7548E650B38E,1,False,REFERENCE_READY_UNIQUE,False,Analytical reference only; official site-level boundary not independently verified.
PAN_F_019,Panchavati,FREE,"Adjacent to Shri Dattanagar Garden, Peth Road.",OSM_NAMED_POINT_BUFFER,LIKELY,REFERENCE_LIKELY,NOT_INDEPENDENTLY_VERIFIED,False,REF_F7A1822AB6E9,1,False,REFERENCE_READY_UNIQUE,False,Analytical reference only; official site-level boundary not independently verified.
PAN_F_020,Panchavati,FREE,"Savarkar Nagar, opposite Akash Petrol Pump, Dindori Road.",VENDOR_REFERENCE_UNION,LIKELY,REFERENCE_LIKELY,NOT_INDEPENDENTLY_VERIFIED,False,REF_050B1232B8B3,1,False,REFERENCE_READY_UNIQUE,False,Analytical reference only; official site-level boundary not independently verified.
PAN_F_021,Panchavati,FREE,"Corner opposite More Mala, Hanumanwadi area.",UNRESOLVED,UNRESOLVED,NO_USABLE_REFERENCE,NOT_INDEPENDENTLY_VERIFIED,False,,0,False,NO_USABLE_REFERENCE,False,No usable analytical reference geometry.
PAN_F_022,Panchavati,FREE,"Near Shri Siddhivinayak Temple, along the open-space compound wall at Hirawadi.",OSM_NAMED_POLYGON,LIKELY,REFERENCE_LIKELY,NOT_INDEPENDENTLY_VERIFIED,False,REF_D2AE3F069677,12,True,REFERENCE_READY_SHARED,False,Environmental context is shared with other official zones; exact site-level distinction requires geometry verification.
PAN_F_023,Panchavati,FREE,"Near Shri Mahadev Temple, along the NMC open-space compound wall at Gunjal Baba Nagar, Hirawadi.",OSM_NAMED_POLYGON,LIKELY,REFERENCE_LIKELY,NOT_INDEPENDENTLY_VERIFIED,False,REF_D2AE3F069677,12,True,REFERENCE_READY_SHARED,False,Environmental context is shared with other official zones; exact site-level distinction requires geometry verification.
PAN_F_024,Panchavati,FREE,"Opposite Bhikusa Paper Mill, near the water channel on Hirawadi Road.",OSM_NAMED_LINE_BUFFER,HIGH,REFERENCE_HIGH,NOT_INDEPENDENTLY_VERIFIED,False,REF_D6D54A81A8F8,2,True,REFERENCE_READY_SHARED,False,Environmental context is shared with other official zones; exact site-level distinction requires geometry verification.
PAN_F_025,Panchavati,FREE,"Land reserved for market and shopping near the ST depot at Old Adgaon Naka, MSC No. 256, Survey No. 294/A.",UNRESOLVED,UNRESOLVED,NO_USABLE_REFERENCE,NOT_INDEPENDENTLY_VERIFIED,False,,0,False,NO_USABLE_REFERENCE,False,No usable analytical reference geometry.
PAN_F_026,Panchavati,FREE,"Opposite Aathvan Lawns, Chavan Nagar, Tapovan Shed.",VENDOR_REFERENCE_UNION,HIGH,REFERENCE_HIGH,NOT_INDEPENDENTLY_VERIFIED,False,REF_56CA2C947DF3,1,False,REFERENCE_READY_UNIQUE,False,Analytical reference only; official site-level boundary not independently verified.
PAN_F_027,Panchavati,FREE,NMC land beside the public toilet opposite the east gate of Shri Kalaram Temple.,VENDOR_REFERENCE_UNION,HIGH,REFERENCE_HIGH,NOT_INDEPENDENTLY_VERIFIED,False,REF_E9BA42C14DBE,2,True,REFERENCE_READY_SHARED,False,Environmental context is shared with other official zones; exact site-level distinction requires geometry verification.
PAN_F_028,Panchavati,FREE,Sita Gufa area.,VENDOR_REFERENCE_UNION,LIKELY,REFERENCE_LIKELY,NOT_INDEPENDENTLY_VERIFIED,False,REF_DC0BAA201688,3,True,REFERENCE_READY_SHARED,False,Environmental context is shared with other official zones; exact site-level distinction requires geometry verification.
PAN_F_029,Panchavati,FREE,"Adjacent to Ganeshwadi Vegetable Market, towards Waghadi Bridge.",VENDOR_REFERENCE_UNION,LIKELY,REFERENCE_LIKELY,NOT_INDEPENDENTLY_VERIFIED,False,REF_91C54D5210C8,2,True,REFERENCE_READY_SHARED,False,Environmental context is shared with other official zones; exact site-level distinction requires geometry verification.
PAN_F_030,Panchavati,FREE,"Road towards Varvandi, for a stretch of 125 metres from Mhasrul Vegetable Market.",VENDOR_REFERENCE_UNION,HIGH,REFERENCE_HIGH,NOT_INDEPENDENTLY_VERIFIED,False,REF_8854AADC0F5A,1,False,REFERENCE_READY_UNIQUE,False,Analytical reference only; official site-level boundary not independently verified.
PAN_F_031,Panchavati,FREE,"Pedestrian road in front of the Panchavati public library, opposite Indrakund, excluding the western and northern sides of the library.",VENDOR_REFERENCE_UNION,LIKELY,REFERENCE_LIKELY,NOT_INDEPENDENTLY_VERIFIED,False,REF_C44668A87136,1,False,REFERENCE_READY_UNIQUE,False,Analytical reference only; official site-level boundary not independently verified.
PAN_F_032,Panchavati,FREE,"NMC open space beside Dr. Bachhav Hospital, Peth Road.",OSM_NAMED_POINT_BUFFER,HIGH,REFERENCE_HIGH,NOT_INDEPENDENTLY_VERIFIED,False,REF_F7FF12FC21D8,1,False,REFERENCE_READY_UNIQUE,False,Analytical reference only; official site-level boundary not independently verified.
PAN_F_033,Panchavati,FREE,"Along Kannamwar Bridge service road, near Takle Nagar Bypass.",VENDOR_REFERENCE_UNION,LIKELY,REFERENCE_LIKELY,NOT_INDEPENDENTLY_VERIFIED,False,REF_F5F84DED44A0,1,False,REFERENCE_READY_UNIQUE,False,Analytical reference only; official site-level boundary not independently verified.
PAN_F_034,Panchavati,FREE,"NMC open space at Survey No. 295, opposite Shri Vishnudev Apartment, Takle Nagar.",OSM_NAMED_POLYGON,LIKELY,REFERENCE_LIKELY,NOT_INDEPENDENTLY_VERIFIED,False,REF_D66BFFE62F2E,1,False,REFERENCE_READY_UNIQUE,False,Analytical reference only; official site-level boundary not independently verified.
PAN_F_035,Panchavati,FREE,"NMC open space at the Kshirsagar Colony corner, opposite Janakalyan Bank, Hirawadi Road.",OSM_NAMED_LINE_BUFFER,HIGH,REFERENCE_HIGH,NOT_INDEPENDENTLY_VERIFIED,False,REF_D6D54A81A8F8,2,True,REFERENCE_READY_SHARED,False,Environmental context is shared with other official zones; exact site-level distinction requires geometry verification.
PAN_F_036,Panchavati,FREE,"Along the northern compound wall of Maasaheb Thackeray Stadium, Hirawadi Road.",VENDOR_REFERENCE_UNION,HIGH,REFERENCE_HIGH,NOT_INDEPENDENTLY_VERIFIED,False,REF_107CB3EFDB8F,1,False,REFERENCE_READY_UNIQUE,False,Analytical reference only; official site-level boundary not independently verified.
PAN_F_037,Panchavati,FREE,"Near Amrutdham, Sai Nagar, Survey No. 201, land reserved for market and shopping centre.",UNRESOLVED,UNRESOLVED,NO_USABLE_REFERENCE,NOT_INDEPENDENTLY_VERIFIED,False,,0,False,NO_USABLE_REFERENCE,False,No usable analytical reference geometry.
PAN_F_038,Panchavati,FREE,"Along the compound wall of Amrutdham Sanatorium, Bidi Kamgar Nagar Road.",VENDOR_REFERENCE_UNION,LIKELY,REFERENCE_LIKELY,NOT_INDEPENDENTLY_VERIFIED,False,REF_E49C111DFACF,1,False,REFERENCE_READY_UNIQUE,False,Analytical reference only; official site-level boundary not independently verified.
PAN_R_001,Panchavati,RESTRICTED,"Along the Panjarpol compound on Kishor Suryawanshi Marg near Borgad, leaving 50 metres from the chowk.",VENDOR_REFERENCE_UNION,HIGH,REFERENCE_HIGH,NOT_INDEPENDENTLY_VERIFIED,False,REF_5C334FD26A0D,1,False,REFERENCE_READY_UNIQUE,False,Analytical reference only; official site-level boundary not independently verified.
PAN_R_002,Panchavati,RESTRICTED,"Along the Sai Baba Temple compound on Kishor Suryawanshi Marg, near Mrudgandh Apartment, Survey No. 243.",VENDOR_REFERENCE_UNION,LIKELY,REFERENCE_LIKELY,NOT_INDEPENDENTLY_VERIFIED,False,REF_FE4597CD5773,1,False,REFERENCE_READY_UNIQUE,False,Analytical reference only; official site-level boundary not independently verified.
PAN_R_003,Panchavati,RESTRICTED,"Ramwadi, adjacent to Goda Park.",VENDOR_REFERENCE_UNION,HIGH,REFERENCE_HIGH,NOT_INDEPENDENTLY_VERIFIED,False,REF_54D81CB36AD3,1,False,REFERENCE_READY_UNIQUE,False,Analytical reference only; official site-level boundary not independently verified.
PAN_R_004,Panchavati,RESTRICTED,"A section on the northern side, 50 metres away from Malegaon Stand Signal.",VENDOR_REFERENCE_UNION,LIKELY,REFERENCE_LIKELY,NOT_INDEPENDENTLY_VERIFIED,False,REF_A2ED01847530,1,False,REFERENCE_READY_UNIQUE,False,Analytical reference only; official site-level boundary not independently verified.
PAN_R_005,Panchavati,RESTRICTED,"Proposed hawkers-zone land at Survey No. 311 beside the Godavari River and Godavari slum, adjacent to the reserved garden, opposite and beside Shraddha Lawns.",VENDOR_REFERENCE_UNION,LIKELY,REFERENCE_LIKELY,NOT_INDEPENDENTLY_VERIFIED,False,REF_929FB0F839A7,1,False,REFERENCE_READY_UNIQUE,False,Analytical reference only; official site-level boundary not independently verified.
PAN_R_006,Panchavati,RESTRICTED,"Area near Kartik Swami Temple, Panchavati.",OSM_NAMED_POINT_BUFFER,LIKELY,REFERENCE_LIKELY,NOT_INDEPENDENTLY_VERIFIED,False,REF_5ECFB468E7C0,1,False,REFERENCE_READY_UNIQUE,False,Analytical reference only; official site-level boundary not independently verified.
PAN_R_007,Panchavati,RESTRICTED,"Weekly market in Panchavati, Nashik.",VENDOR_REFERENCE_UNION,LIKELY,REFERENCE_LIKELY,NOT_INDEPENDENTLY_VERIFIED,False,REF_0820BDF4596C,1,False,REFERENCE_READY_UNIQUE,False,Analytical reference only; official site-level boundary not independently verified.
PAN_R_008,Panchavati,RESTRICTED,Along the compound wall of Namco Cancer Hospital.,VENDOR_REFERENCE_UNION,LIKELY,REFERENCE_LIKELY,NOT_INDEPENDENTLY_VERIFIED,False,REF_47EF462D66B8,1,False,REFERENCE_READY_UNIQUE,False,Analytical reference only; official site-level boundary not independently verified.
PAN_R_009,Panchavati,RESTRICTED,"Near Shri Katya Maruti Temple, Ganeshwadi Road.",OSM_NAMED_POLYGON,LIKELY,REFERENCE_LIKELY,NOT_INDEPENDENTLY_VERIFIED,False,REF_D2AE3F069677,12,True,REFERENCE_READY_SHARED,False,Environmental context is shared with other official zones; exact site-level distinction requires geometry verification.
PAN_R_010,Panchavati,RESTRICTED,"Opposite Shani Temple, near Katya Maruti Temple.",OSM_NAMED_POLYGON,LIKELY,REFERENCE_LIKELY,NOT_INDEPENDENTLY_VERIFIED,False,REF_D2AE3F069677,12,True,REFERENCE_READY_SHARED,False,Environmental context is shared with other official zones; exact site-level distinction requires geometry verification.
PAN_R_011,Panchavati,RESTRICTED,"Alongside NMC School No. 30, near Waghadi Bridge.",VENDOR_REFERENCE_UNION,LIKELY,REFERENCE_LIKELY,NOT_INDEPENDENTLY_VERIFIED,False,REF_9B0A3F8E5999,1,False,REFERENCE_READY_UNIQUE,False,Analytical reference only; official site-level boundary not independently verified.
PAN_R_012,Panchavati,RESTRICTED,"NMC open space at Manur village, towards Ramghat.",OSM_NAMED_POLYGON,LIKELY,REFERENCE_LIKELY,NOT_INDEPENDENTLY_VERIFIED,False,REF_F9B24341684F,2,True,REFERENCE_READY_SHARED,False,Environmental context is shared with other official zones; exact site-level distinction requires geometry verification.
NR_F_001,Nashik Road,FREE,"Land reserved for a market and shopping centre opposite Saitric Company near Shani Temple, Reservation No. 129, after the reserved land is taken into possession.",UNRESOLVED,UNRESOLVED,NO_USABLE_REFERENCE,NOT_INDEPENDENTLY_VERIFIED,False,,0,False,NO_USABLE_REFERENCE,False,No usable analytical reference geometry.
NR_F_002,Nashik Road,FREE,"Along the road in the open space at Lokhande Mala, Hanuman Nagar, opposite Shri Borhade's house.",OSM_NAMED_POLYGON,LIKELY,REFERENCE_LIKELY,NOT_INDEPENDENTLY_VERIFIED,False,REF_7C566FD4B393,1,False,REFERENCE_READY_UNIQUE,False,Analytical reference only; official site-level boundary not independently verified.
NR_F_003,Nashik Road,FREE,"Rukmini Nagar, opposite Datta Mandir, along the 12-metre DP Road.",OSM_NAMED_LINE_BUFFER,HIGH,REFERENCE_HIGH,NOT_INDEPENDENTLY_VERIFIED,False,REF_97150F18A0E6,1,False,REFERENCE_READY_UNIQUE,False,Analytical reference only; official site-level boundary not independently verified.
NR_F_004,Nashik Road,FREE,"Mangal Murti Nagar, along the 12-metre DP Road, opposite Shri Samruddhi Apartment, beside the open-space compound.",UNRESOLVED,UNRESOLVED,NO_USABLE_REFERENCE,NOT_INDEPENDENTLY_VERIFIED,False,,0,False,NO_USABLE_REFERENCE,False,No usable analytical reference geometry.
NR_F_005,Nashik Road,FREE,"Along the 15-metre DP Road at Gosavi Nagar, in the open space beside Canal Road.",OSM_NAMED_LINE_BUFFER,HIGH,REFERENCE_HIGH,NOT_INDEPENDENTLY_VERIFIED,False,REF_47996F4517EB,3,True,REFERENCE_READY_SHARED,False,Environmental context is shared with other official zones; exact site-level distinction requires geometry verification.
NR_F_006,Nashik Road,FREE,Space along Canal Road at Janpath Society.,OSM_NAMED_LINE_BUFFER,HIGH,REFERENCE_HIGH,NOT_INDEPENDENTLY_VERIFIED,False,REF_47996F4517EB,3,True,REFERENCE_READY_SHARED,False,Environmental context is shared with other official zones; exact site-level distinction requires geometry verification.
NR_F_007,Nashik Road,FREE,"Along Canal Road, on the southern side, from the raddi store to the Anganwadi.",OSM_NAMED_LINE_BUFFER,HIGH,REFERENCE_HIGH,NOT_INDEPENDENTLY_VERIFIED,False,REF_47996F4517EB,3,True,REFERENCE_READY_SHARED,False,Environmental context is shared with other official zones; exact site-level distinction requires geometry verification.
NR_F_008,Nashik Road,FREE,"Open space near Samaj Mandir at Shivaji Nagar, part of Survey No. 26.",VENDOR_REFERENCE_UNION,HIGH,REFERENCE_HIGH,NOT_INDEPENDENTLY_VERIFIED,False,REF_FACD98773FDA,1,False,REFERENCE_READY_UNIQUE,False,Analytical reference only; official site-level boundary not independently verified.
NR_F_009,Nashik Road,FREE,"Open space beside Gangasagar Building, along Canal Road on the eastern side of Jail Road.",VENDOR_REFERENCE_UNION,HIGH,REFERENCE_HIGH,NOT_INDEPENDENTLY_VERIFIED,False,REF_B7E98F81DEB0,1,False,REFERENCE_READY_UNIQUE,False,Analytical reference only; official site-level boundary not independently verified.
NR_F_010,Nashik Road,FREE,Reserved land beside K. N. Kela High School.,OSM_NAMED_POINT_BUFFER,HIGH,REFERENCE_HIGH,NOT_INDEPENDENTLY_VERIFIED,False,REF_0CEF7A755250,2,True,REFERENCE_READY_SHARED,False,Environmental context is shared with other official zones; exact site-level distinction requires geometry verification.
NR_F_011,Nashik Road,FREE,"Pawarwadi, near the water tank, along the 12-metre DP Road.",VENDOR_REFERENCE_UNION,LIKELY,REFERENCE_LIKELY,NOT_INDEPENDENTLY_VERIFIED,False,REF_125E35ABF029,2,True,REFERENCE_READY_SHARED,False,Environmental context is shared with other official zones; exact site-level distinction requires geometry verification.
NR_F_012,Nashik Road,FREE,Along the open-space compound in Bharatbhushan Society.,UNRESOLVED,UNRESOLVED,NO_USABLE_REFERENCE,NOT_INDEPENDENTLY_VERIFIED,False,,0,False,NO_USABLE_REFERENCE,False,No usable analytical reference geometry.
NR_F_013,Nashik Road,FREE,"Along the compound wall of the NMC naturopathy centre, Jetvan Nagar, Jai Bhavani Road.",VENDOR_REFERENCE_UNION,LIKELY,REFERENCE_LIKELY,NOT_INDEPENDENTLY_VERIFIED,False,REF_DD8ACB0559B6,1,False,REFERENCE_READY_UNIQUE,False,Analytical reference only; official site-level boundary not independently verified.
NR_F_014,Nashik Road,FREE,Open space near Mhasoba Temple and behind Big Bazaar.,OSM_NAMED_POLYGON,LIKELY,REFERENCE_LIKELY,NOT_INDEPENDENTLY_VERIFIED,False,REF_D2AE3F069677,12,True,REFERENCE_READY_SHARED,False,Environmental context is shared with other official zones; exact site-level distinction requires geometry verification.
NR_F_015,Nashik Road,FREE,"Bhalerao Mala, Jai Bhavani Road, beside Tulja Temple.",VENDOR_REFERENCE_UNION,HIGH,REFERENCE_HIGH,NOT_INDEPENDENTLY_VERIFIED,False,REF_FA79A0DC4961,1,False,REFERENCE_READY_UNIQUE,False,Analytical reference only; official site-level boundary not independently verified.
NR_F_016,Nashik Road,FREE,"K. J. Mehta High School Road, land reserved for Children's Park.",OSM_NAMED_POINT_BUFFER,HIGH,REFERENCE_HIGH,NOT_INDEPENDENTLY_VERIFIED,False,REF_0CEF7A755250,2,True,REFERENCE_READY_SHARED,False,Environmental context is shared with other official zones; exact site-level distinction requires geometry verification.
NR_F_017,Nashik Road,FREE,"Somani Garden, from M. G. Road to Datta Mandir Road on the southern side.",VENDOR_REFERENCE_UNION,HIGH,REFERENCE_HIGH,NOT_INDEPENDENTLY_VERIFIED,False,REF_8D1B0E3135F8,1,False,REFERENCE_READY_UNIQUE,False,Analytical reference only; official site-level boundary not independently verified.
NR_F_018,Nashik Road,FREE,Existing authorised vegetable market adjacent to Durga Garden.,VENDOR_REFERENCE_UNION,HIGH,REFERENCE_HIGH,NOT_INDEPENDENTLY_VERIFIED,False,REF_B640320A1183,1,False,REFERENCE_READY_UNIQUE,False,Analytical reference only; official site-level boundary not independently verified.
NR_F_019,Nashik Road,FREE,"Kranti Chowk, near Genuji Bhavan.",VENDOR_REFERENCE_UNION,LIKELY,REFERENCE_LIKELY,NOT_INDEPENDENTLY_VERIFIED,False,REF_E519B8E02EE6,1,False,REFERENCE_READY_UNIQUE,False,Analytical reference only; official site-level boundary not independently verified.
NR_F_020,Nashik Road,FREE,Along the service road on Dr. Babasaheb Ambedkar Road.,VENDOR_REFERENCE_UNION,LIKELY,REFERENCE_LIKELY,NOT_INDEPENDENTLY_VERIFIED,False,REF_1876FC295D32,1,False,REFERENCE_READY_UNIQUE,False,Analytical reference only; official site-level boundary not independently verified.
NR_F_021,Nashik Road,FREE,Existing authorised vegetable market at Sinnar Phata.,VENDOR_REFERENCE_UNION,LIKELY,REFERENCE_LIKELY,NOT_INDEPENDENTLY_VERIFIED,False,REF_434BF8E4C150,1,False,REFERENCE_READY_UNIQUE,False,Analytical reference only; official site-level boundary not independently verified.
NR_F_022,Nashik Road,FREE,"Ashwini Colony, near the water tank, along the traction-wall compound, Samangaon Road.",OSM_NAMED_POLYGON,HIGH,REFERENCE_HIGH,NOT_INDEPENDENTLY_VERIFIED,False,REF_E9FF79BA1EBE,1,False,REFERENCE_READY_UNIQUE,False,Analytical reference only; official site-level boundary not independently verified.
NR_F_023,Nashik Road,FREE,"Samangaon, opposite the Polytechnic College, along the 30-metre DP Road and the college compound.",OSM_NAMED_POINT_BUFFER,HIGH,REFERENCE_HIGH,NOT_INDEPENDENTLY_VERIFIED,False,REF_A730FAD9DDDA,1,False,REFERENCE_READY_UNIQUE,False,Analytical reference only; official site-level boundary not independently verified.
NR_F_024,Nashik Road,FREE,"Opposite Maruti Temple, Chadegaon Gaothan.",OSM_NAMED_POINT_BUFFER,HIGH,REFERENCE_HIGH,NOT_INDEPENDENTLY_VERIFIED,False,REF_A0C1B9E508BA,1,False,REFERENCE_READY_UNIQUE,False,Analytical reference only; official site-level boundary not independently verified.
NR_F_025,Nashik Road,FREE,Near the NMC property-tax and Talathi offices in Vadner Gaothan.,OSM_NAMED_POINT_BUFFER,LIKELY,REFERENCE_LIKELY,NOT_INDEPENDENTLY_VERIFIED,False,REF_117E638D57E2,3,True,REFERENCE_READY_SHARED,False,Environmental context is shared with other official zones; exact site-level distinction requires geometry verification.
NR_F_026,Nashik Road,FREE,"Vadner-Dumala Gaothan, along the road near Sulabh toilet, Pathardi and the gaothan.",OSM_NAMED_POINT_BUFFER,LIKELY,REFERENCE_LIKELY,NOT_INDEPENDENTLY_VERIFIED,False,REF_117E638D57E2,3,True,REFERENCE_READY_SHARED,False,Environmental context is shared with other official zones; exact site-level distinction requires geometry verification.
NR_F_027,Nashik Road,FREE,Space opposite the NMC study centre in Vadner-Dumala Gaothan.,OSM_NAMED_POINT_BUFFER,LIKELY,REFERENCE_LIKELY,NOT_INDEPENDENTLY_VERIFIED,False,REF_117E638D57E2,3,True,REFERENCE_READY_SHARED,False,Environmental context is shared with other official zones; exact site-level distinction requires geometry verification.
NR_F_028,Nashik Road,FREE,"Mathura Chowk, part of Survey Nos. 25 and 26, Reservation No. 247 for a high school, along the 18-metre DP Road.",OSM_NAMED_LINE_BUFFER,HIGH,REFERENCE_HIGH,NOT_INDEPENDENTLY_VERIFIED,False,REF_BCF0D2AA09C2,1,False,REFERENCE_READY_UNIQUE,False,Analytical reference only; official site-level boundary not independently verified.
NR_F_029,Nashik Road,FREE,"Deolali village weekly market, along the compound on all three sides.",VENDOR_REFERENCE_UNION,LIKELY,REFERENCE_LIKELY,NOT_INDEPENDENTLY_VERIFIED,False,REF_91C54D5210C8,2,True,REFERENCE_READY_SHARED,False,Environmental context is shared with other official zones; exact site-level distinction requires geometry verification.
NR_F_030,Nashik Road,FREE,Existing authorised Yashwant Mandai and adjoining space in Deolali Gaothan.,UNRESOLVED,UNRESOLVED,NO_USABLE_REFERENCE,NOT_INDEPENDENTLY_VERIFIED,False,,0,False,NO_USABLE_REFERENCE,False,No usable analytical reference geometry.
NR_F_031,Nashik Road,FREE,"Bagul Nagar, reserved land for Dhobi Ghat and slaughterhouse along the Waldevi River.",UNRESOLVED,UNRESOLVED,NO_USABLE_REFERENCE,NOT_INDEPENDENTLY_VERIFIED,False,,0,False,NO_USABLE_REFERENCE,False,No usable analytical reference geometry.
NR_F_032,Nashik Road,FREE,"Along the compound wall of B. G. Public School Garden, Survey No. 18.",OSM_NAMED_POLYGON,HIGH,REFERENCE_HIGH,NOT_INDEPENDENTLY_VERIFIED,False,REF_E7B9CD305EEC,1,False,REFERENCE_READY_UNIQUE,False,Analytical reference only; official site-level boundary not independently verified.
NR_F_033,Nashik Road,FREE,"Along the Nana-Nani Park compound wall beside Saubhagya Nagar Garden, part of Survey Nos. 19, 20 and 21.",VENDOR_REFERENCE_UNION,HIGH,REFERENCE_HIGH,NOT_INDEPENDENTLY_VERIFIED,False,REF_5C7BB9A2627B,1,False,REFERENCE_READY_UNIQUE,False,Analytical reference only; official site-level boundary not independently verified.
NR_F_034,Nashik Road,FREE,"On the eastern side of the railway station, Survey No. 246, Reservation No. 222 for Railway Terminus and Allied Activities, along the 18-metre DP Road.",VENDOR_REFERENCE_UNION,HIGH,REFERENCE_HIGH,NOT_INDEPENDENTLY_VERIFIED,False,REF_A1FC2DC75B2A,1,False,REFERENCE_READY_UNIQUE,False,Analytical reference only; official site-level boundary not independently verified.
NR_F_035,Nashik Road,FREE,"Gajanan Park, Nashik Road.",OSM_NAMED_LINE_BUFFER,HIGH,REFERENCE_HIGH,NOT_INDEPENDENTLY_VERIFIED,False,REF_42068A98C68B,8,True,REFERENCE_READY_SHARED,False,Environmental context is shared with other official zones; exact site-level distinction requires geometry verification.
NR_F_036,Nashik Road,FREE,"Survey No. 120, Mahamarg, Nashik Road.",OSM_NAMED_LINE_BUFFER,HIGH,REFERENCE_HIGH,NOT_INDEPENDENTLY_VERIFIED,False,REF_42068A98C68B,8,True,REFERENCE_READY_SHARED,False,Environmental context is shared with other official zones; exact site-level distinction requires geometry verification.
NR_F_037,Nashik Road,FREE,"Survey No. 126, along the 30-metre DP Road, Nashik Road.",OSM_NAMED_LINE_BUFFER,HIGH,REFERENCE_HIGH,NOT_INDEPENDENTLY_VERIFIED,False,REF_42068A98C68B,8,True,REFERENCE_READY_SHARED,False,Environmental context is shared with other official zones; exact site-level distinction requires geometry verification.
NR_F_038,Nashik Road,FREE,"Pumping Station Road, Chehdi, Nashik Road.",OSM_NAMED_LINE_BUFFER,HIGH,REFERENCE_HIGH,NOT_INDEPENDENTLY_VERIFIED,False,REF_42068A98C68B,8,True,REFERENCE_READY_SHARED,False,Environmental context is shared with other official zones; exact site-level distinction requires geometry verification.
NR_F_039,Nashik Road,FREE,"Survey No. 120, playground, Nashik Road.",OSM_NAMED_LINE_BUFFER,HIGH,REFERENCE_HIGH,NOT_INDEPENDENTLY_VERIFIED,False,REF_42068A98C68B,8,True,REFERENCE_READY_SHARED,False,Environmental context is shared with other official zones; exact site-level distinction requires geometry verification.
NR_F_040,Nashik Road,FREE,"Old Octroi Naka, Pune Road, Nashik Road.",OSM_NAMED_LINE_BUFFER,HIGH,REFERENCE_HIGH,NOT_INDEPENDENTLY_VERIFIED,False,REF_065A452DC13C,1,False,REFERENCE_READY_UNIQUE,False,Analytical reference only; official site-level boundary not independently verified.
NR_F_041,Nashik Road,FREE,"Chehdi Bhagwa Chowk, Nashik Road.",OSM_NAMED_LINE_BUFFER,HIGH,REFERENCE_HIGH,NOT_INDEPENDENTLY_VERIFIED,False,REF_42068A98C68B,8,True,REFERENCE_READY_SHARED,False,Environmental context is shared with other official zones; exact site-level distinction requires geometry verification.
NR_F_042,Nashik Road,FREE,"Chehdi Gaothan, Maruti Temple, Nashik Road.",OSM_NAMED_LINE_BUFFER,HIGH,REFERENCE_HIGH,NOT_INDEPENDENTLY_VERIFIED,False,REF_42068A98C68B,8,True,REFERENCE_READY_SHARED,False,Environmental context is shared with other official zones; exact site-level distinction requires geometry verification.
NR_F_043,Nashik Road,FREE,"Divisional Commissioner Office, leaving a 50-metre area, Nashik Road.",OSM_NAMED_LINE_BUFFER,HIGH,REFERENCE_HIGH,NOT_INDEPENDENTLY_VERIFIED,False,REF_42068A98C68B,8,True,REFERENCE_READY_SHARED,False,Environmental context is shared with other official zones; exact site-level distinction requires geometry verification.
NR_F_044,Nashik Road,FREE,Along the 80-foot NMC road near Makarand Colony on the Upnagar-Dasak boundary.,UNRESOLVED,UNRESOLVED,NO_USABLE_REFERENCE,NOT_INDEPENDENTLY_VERIFIED,False,,0,False,NO_USABLE_REFERENCE,False,No usable analytical reference geometry.
NR_R_001,Nashik Road,RESTRICTED,"Jail Road, near the water tank.",OSM_NAMED_LINE_BUFFER,HIGH,REFERENCE_HIGH,NOT_INDEPENDENTLY_VERIFIED,False,REF_2579DE9F6533,1,False,REFERENCE_READY_UNIQUE,False,Analytical reference only; official site-level boundary not independently verified.
NR_R_002,Nashik Road,RESTRICTED,Space beside the playground at Shikhrewadi.,OSM_NAMED_POLYGON,LIKELY,REFERENCE_LIKELY,NOT_INDEPENDENTLY_VERIFIED,False,REF_D72EE4D93C39,3,True,REFERENCE_READY_SHARED,False,Environmental context is shared with other official zones; exact site-level distinction requires geometry verification.
NR_R_003,Nashik Road,RESTRICTED,Near Maruti Temple at Sinnar Phata.,OSM_NAMED_POLYGON,LIKELY,REFERENCE_LIKELY,NOT_INDEPENDENTLY_VERIFIED,False,REF_D2AE3F069677,12,True,REFERENCE_READY_SHARED,False,Environmental context is shared with other official zones; exact site-level distinction requires geometry verification.
NR_R_004,Nashik Road,RESTRICTED,"Gadekar Mala, Artillery Center Road, land reserved for a playground.",VENDOR_REFERENCE_UNION,LIKELY,REFERENCE_LIKELY,NOT_INDEPENDENTLY_VERIFIED,False,REF_DC0BAA201688,3,True,REFERENCE_READY_SHARED,False,Environmental context is shared with other official zones; exact site-level distinction requires geometry verification.
NR_R_005,Nashik Road,RESTRICTED,From Mahatma Gandhi Statue to Town Hall.,UNRESOLVED,UNRESOLVED,NO_USABLE_REFERENCE,NOT_INDEPENDENTLY_VERIFIED,False,,0,False,NO_USABLE_REFERENCE,False,No usable analytical reference geometry.
NR_R_006,Nashik Road,RESTRICTED,Open space opposite Sarvajanik Par Ganesh Temple to Shani Temple.,OSM_NAMED_POINT_BUFFER,HIGH,REFERENCE_HIGH,NOT_INDEPENDENTLY_VERIFIED,False,REF_12934A27A2A4,1,False,REFERENCE_READY_UNIQUE,False,Analytical reference only; official site-level boundary not independently verified.
NR_R_007,Nashik Road,RESTRICTED,Open space opposite Hanuman Temple in Vadner Gaothan.,OSM_NAMED_POINT_BUFFER,HIGH,REFERENCE_HIGH,NOT_INDEPENDENTLY_VERIFIED,False,REF_D456793F52AD,1,False,REFERENCE_READY_UNIQUE,False,Analytical reference only; official site-level boundary not independently verified.
NR_R_008,Nashik Road,RESTRICTED,"Durga Temple, Mahatma Gandhi Road, for the Navratri festival.",OSM_NAMED_POLYGON,LIKELY,REFERENCE_LIKELY,NOT_INDEPENDENTLY_VERIFIED,False,REF_D2AE3F069677,12,True,REFERENCE_READY_SHARED,False,Environmental context is shared with other official zones; exact site-level distinction requires geometry verification.
NN_F_001,New Nashik,FREE,"Space near Sumit Company and opposite Nashik Castek, Ambad.",OSM_NAMED_POINT_BUFFER,LIKELY,REFERENCE_LIKELY,NOT_INDEPENDENTLY_VERIFIED,False,REF_2DCCAA126559,6,True,REFERENCE_READY_SHARED,False,Environmental context is shared with other official zones; exact site-level distinction requires geometry verification.
NN_F_002,New Nashik,FREE,Ambad Gaon Vegetable Market.,VENDOR_REFERENCE_UNION,LIKELY,REFERENCE_LIKELY,NOT_INDEPENDENTLY_VERIFIED,False,REF_F0200AB4D0E8,15,True,REFERENCE_READY_SHARED,False,Environmental context is shared with other official zones; exact site-level distinction requires geometry verification.
NN_F_003,New Nashik,FREE,"Pavan Nagar, adjacent to Ganesh Temple.",VENDOR_REFERENCE_UNION,LIKELY,REFERENCE_LIKELY,NOT_INDEPENDENTLY_VERIFIED,False,REF_660FE932D43A,1,False,REFERENCE_READY_UNIQUE,False,Analytical reference only; official site-level boundary not independently verified.
NN_F_004,New Nashik,FREE,"Near the water tank, on the northern side of Ambad property-tax office.",VENDOR_REFERENCE_UNION,HIGH,REFERENCE_HIGH,NOT_INDEPENDENTLY_VERIFIED,False,REF_DE3FB4B191F4,1,False,REFERENCE_READY_UNIQUE,False,Analytical reference only; official site-level boundary not independently verified.
NN_F_005,New Nashik,FREE,Phalke Memorial Gate.,VENDOR_REFERENCE_UNION,HIGH,REFERENCE_HIGH,NOT_INDEPENDENTLY_VERIFIED,False,REF_CFDB0E79B1D9,1,False,REFERENCE_READY_UNIQUE,False,Analytical reference only; official site-level boundary not independently verified.
NN_F_006,New Nashik,FREE,"Campus Company, MIDC Ambad.",OSM_NAMED_POINT_BUFFER,LIKELY,REFERENCE_LIKELY,NOT_INDEPENDENTLY_VERIFIED,False,REF_2DCCAA126559,6,True,REFERENCE_READY_SHARED,False,Environmental context is shared with other official zones; exact site-level distinction requires geometry verification.
NN_F_007,New Nashik,FREE,"Coca-Cola Company, MIDC Ambad.",OSM_NAMED_POINT_BUFFER,LIKELY,REFERENCE_LIKELY,NOT_INDEPENDENTLY_VERIFIED,False,REF_2DCCAA126559,6,True,REFERENCE_READY_SHARED,False,Environmental context is shared with other official zones; exact site-level distinction requires geometry verification.
NN_F_008,New Nashik,FREE,"Along the compound wall opposite Gabriel Company, MIDC Ambad.",OSM_NAMED_POINT_BUFFER,LIKELY,REFERENCE_LIKELY,NOT_INDEPENDENTLY_VERIFIED,False,REF_2DCCAA126559,6,True,REFERENCE_READY_SHARED,False,Environmental context is shared with other official zones; exact site-level distinction requires geometry verification.
NN_F_009,New Nashik,FREE,"Behind Glasgow Company, MIDC Ambad.",OSM_NAMED_POINT_BUFFER,LIKELY,REFERENCE_LIKELY,NOT_INDEPENDENTLY_VERIFIED,False,REF_2DCCAA126559,6,True,REFERENCE_READY_SHARED,False,Environmental context is shared with other official zones; exact site-level distinction requires geometry verification.
NN_F_010,New Nashik,FREE,Space near Seva Auto Showroom.,UNRESOLVED,UNRESOLVED,NO_USABLE_REFERENCE,NOT_INDEPENDENTLY_VERIFIED,False,,0,False,NO_USABLE_REFERENCE,False,No usable analytical reference geometry.
NN_F_011,New Nashik,FREE,"Power House, MSEB, Garware Gate, MIDC Ambad.",VENDOR_REFERENCE_UNION,LIKELY,REFERENCE_LIKELY,NOT_INDEPENDENTLY_VERIFIED,False,REF_990E62776234,1,False,REFERENCE_READY_UNIQUE,False,Analytical reference only; official site-level boundary not independently verified.
NN_F_012,New Nashik,FREE,"Near Mungi Brothers Company, MIDC Ambad.",OSM_NAMED_POINT_BUFFER,LIKELY,REFERENCE_LIKELY,NOT_INDEPENDENTLY_VERIFIED,False,REF_2DCCAA126559,6,True,REFERENCE_READY_SHARED,False,Environmental context is shared with other official zones; exact site-level distinction requires geometry verification.
NN_F_013,New Nashik,FREE,"Lekha Nagar, Balbharati Office.",OSM_NAMED_POINT_BUFFER,LIKELY,REFERENCE_LIKELY,NOT_INDEPENDENTLY_VERIFIED,False,REF_F750E7717A67,3,True,REFERENCE_READY_SHARED,False,Environmental context is shared with other official zones; exact site-level distinction requires geometry verification.
NN_F_014,New Nashik,FREE,"Open space near Bajrang Chowk Police Chowki in Khutwad Nagar, planned for a hawkers zone.",UNRESOLVED,UNRESOLVED,NO_USABLE_REFERENCE,NOT_INDEPENDENTLY_VERIFIED,False,,0,False,NO_USABLE_REFERENCE,False,No usable analytical reference geometry.
NN_F_015,New Nashik,FREE,Open space beside the NMC stalls behind Raje Sambhaji Stadium.,UNRESOLVED,UNRESOLVED,NO_USABLE_REFERENCE,NOT_INDEPENDENTLY_VERIFIED,False,,0,False,NO_USABLE_REFERENCE,False,No usable analytical reference geometry.
NN_F_016,New Nashik,FREE,"Open space at Gat No. 65/A, requested for vending after filling the pits and levelling the land.",UNRESOLVED,UNRESOLVED,NO_USABLE_REFERENCE,NOT_INDEPENDENTLY_VERIFIED,False,,0,False,NO_USABLE_REFERENCE,False,No usable analytical reference geometry.
NN_R_001,New Nashik,RESTRICTED,"Road towards Pathardi village, near the Mangal Karyalaya compound wall.",VENDOR_REFERENCE_UNION,LIKELY,REFERENCE_LIKELY,NOT_INDEPENDENTLY_VERIFIED,False,REF_B044340AF8D2,1,False,REFERENCE_READY_UNIQUE,False,Analytical reference only; official site-level boundary not independently verified.
NN_R_002,New Nashik,RESTRICTED,"Pathardi Road, opposite Dhanlaxmi School, Colony Road.",OSM_NAMED_LINE_BUFFER,HIGH,REFERENCE_HIGH,NOT_INDEPENDENTLY_VERIFIED,False,REF_8B3CCFA89E80,1,False,REFERENCE_READY_UNIQUE,False,Analytical reference only; official site-level boundary not independently verified.
NN_R_003,New Nashik,RESTRICTED,"Murari Nagar, Gamane Mala.",VENDOR_REFERENCE_UNION,LIKELY,REFERENCE_LIKELY,NOT_INDEPENDENTLY_VERIFIED,False,REF_A2720144355E,1,False,REFERENCE_READY_UNIQUE,False,Analytical reference only; official site-level boundary not independently verified.
NN_R_004,New Nashik,RESTRICTED,"Sales Tax Bhavan, near Shani Temple.",OSM_NAMED_LINE_BUFFER,HIGH,REFERENCE_HIGH,NOT_INDEPENDENTLY_VERIFIED,False,REF_A8D6CDB1CADD,1,False,REFERENCE_READY_UNIQUE,False,Analytical reference only; official site-level boundary not independently verified.
NN_R_005,New Nashik,RESTRICTED,Three sub-locations: (a) Shivaji Market opposite the military quarters; (b) in front of the Maharashtra Kamgar Mandal building; (c) Shivaji Chowk east-west road.,VENDOR_REFERENCE_UNION,LIKELY,REFERENCE_LIKELY,NOT_INDEPENDENTLY_VERIFIED,False,REF_F0200AB4D0E8,15,True,REFERENCE_READY_SHARED,False,Environmental context is shared with other official zones; exact site-level distinction requires geometry verification.
NN_R_006,New Nashik,RESTRICTED,State Bank Chowpatty.,OSM_NAMED_POINT_BUFFER,LIKELY,REFERENCE_LIKELY,NOT_INDEPENDENTLY_VERIFIED,False,REF_BA63A7DF63CB,2,True,REFERENCE_READY_SHARED,False,Environmental context is shared with other official zones; exact site-level distinction requires geometry verification.
NN_R_007,New Nashik,RESTRICTED,"Bal Udyan, Ganesh Chowk.",OSM_NAMED_POLYGON,LIKELY,REFERENCE_LIKELY,NOT_INDEPENDENTLY_VERIFIED,False,REF_CF8A4EB4E498,1,False,REFERENCE_READY_UNIQUE,False,Analytical reference only; official site-level boundary not independently verified.
NN_R_008,New Nashik,RESTRICTED,"Datta Chowk, MSEB compound.",OSM_NAMED_LINE_BUFFER,HIGH,REFERENCE_HIGH,NOT_INDEPENDENTLY_VERIFIED,False,REF_9CC599B098CF,1,False,REFERENCE_READY_UNIQUE,False,Analytical reference only; official site-level boundary not independently verified.
NN_R_009,New Nashik,RESTRICTED,"Pandit Nagar, near Morwadi Shani Temple.",OSM_NAMED_POLYGON,LIKELY,REFERENCE_LIKELY,NOT_INDEPENDENTLY_VERIFIED,False,REF_D2AE3F069677,12,True,REFERENCE_READY_SHARED,False,Environmental context is shared with other official zones; exact site-level distinction requires geometry verification.
NN_R_010,New Nashik,RESTRICTED,Sinhastha Nagar / Sanjay Raka Chowk.,UNRESOLVED,UNRESOLVED,NO_USABLE_REFERENCE,NOT_INDEPENDENTLY_VERIFIED,False,,0,False,NO_USABLE_REFERENCE,False,No usable analytical reference geometry.
NN_R_011,New Nashik,RESTRICTED,Along the eastern compound wall of MVP College.,UNRESOLVED,UNRESOLVED,NO_USABLE_REFERENCE,NOT_INDEPENDENTLY_VERIFIED,False,,0,False,NO_USABLE_REFERENCE,False,No usable analytical reference geometry.
NN_R_012,New Nashik,RESTRICTED,Western side of Ambad Police Station.,VENDOR_REFERENCE_UNION,LIKELY,REFERENCE_LIKELY,NOT_INDEPENDENTLY_VERIFIED,False,REF_AAF072C44357,1,False,REFERENCE_READY_UNIQUE,False,Analytical reference only; official site-level boundary not independently verified.
NN_R_013,New Nashik,RESTRICTED,Colony Road near MVP College.,OSM_NAMED_LINE_BUFFER,HIGH,REFERENCE_HIGH,NOT_INDEPENDENTLY_VERIFIED,False,REF_C4EBE555F05C,2,True,REFERENCE_READY_SHARED,False,Environmental context is shared with other official zones; exact site-level distinction requires geometry verification.
NN_R_014,New Nashik,RESTRICTED,Along the compound wall of Pavan Nagar Ground.,VENDOR_REFERENCE_UNION,LIKELY,REFERENCE_LIKELY,NOT_INDEPENDENTLY_VERIFIED,False,REF_D72EE4D93C39,3,True,REFERENCE_READY_SHARED,False,Environmental context is shared with other official zones; exact site-level distinction requires geometry verification.
NN_R_015,New Nashik,RESTRICTED,"Along the southern and western compound walls of Patil Nagar Ground, Pethe Vidyalaya.",VENDOR_REFERENCE_UNION,LIKELY,REFERENCE_LIKELY,NOT_INDEPENDENTLY_VERIFIED,False,REF_C2315A7471A8,1,False,REFERENCE_READY_UNIQUE,False,Analytical reference only; official site-level boundary not independently verified.
SAT_F_001,Satpur,FREE,"Area behind ITI, Londhe Marg, Satpur.",VENDOR_REFERENCE_UNION,HIGH,REFERENCE_HIGH,NOT_INDEPENDENTLY_VERIFIED,False,REF_125E35ABF029,2,True,REFERENCE_READY_SHARED,False,Environmental context is shared with other official zones; exact site-level distinction requires geometry verification.
SAT_F_002,Satpur,FREE,"Along the fire-station wall, Satpur.",VENDOR_REFERENCE_UNION,LIKELY,REFERENCE_LIKELY,NOT_INDEPENDENTLY_VERIFIED,False,REF_6773002C9CB1,1,False,REFERENCE_READY_UNIQUE,False,Analytical reference only; official site-level boundary not independently verified.
SAT_F_003,Satpur,FREE,Along the compound wall of Victor Gasket Company.,VENDOR_REFERENCE_UNION,LIKELY,REFERENCE_LIKELY,NOT_INDEPENDENTLY_VERIFIED,False,REF_A998269DC26A,1,False,REFERENCE_READY_UNIQUE,False,Analytical reference only; official site-level boundary not independently verified.
SAT_F_004,Satpur,FREE,"Chhatrapati Shivaji Vegetable Market, Satpur Gaon.",VENDOR_REFERENCE_UNION,LIKELY,REFERENCE_LIKELY,NOT_INDEPENDENTLY_VERIFIED,False,REF_F0200AB4D0E8,15,True,REFERENCE_READY_SHARED,False,Environmental context is shared with other official zones; exact site-level distinction requires geometry verification.
SAT_F_005,Satpur,FREE,"Along the Satpur Mutton Market compound wall, Satpur Gaon.",VENDOR_REFERENCE_UNION,HIGH,REFERENCE_HIGH,NOT_INDEPENDENTLY_VERIFIED,False,REF_C3E4EA29F045,1,False,REFERENCE_READY_UNIQUE,False,Analytical reference only; official site-level boundary not independently verified.
SAT_F_006,Satpur,FREE,"Along the compound wall of Taparia Tools / ST Bus Stand, Satpur.",VENDOR_REFERENCE_UNION,HIGH,REFERENCE_HIGH,NOT_INDEPENDENTLY_VERIFIED,False,REF_771979E48478,1,False,REFERENCE_READY_UNIQUE,False,Analytical reference only; official site-level boundary not independently verified.
SAT_F_007,Satpur,FREE,"MHADA Colony, Housing and Area Development Board, Survey No. 105/2, Chunchale.",VENDOR_REFERENCE_UNION,LIKELY,REFERENCE_LIKELY,NOT_INDEPENDENTLY_VERIFIED,False,REF_5EFCF76E3D77,1,False,REFERENCE_READY_UNIQUE,False,Analytical reference only; official site-level boundary not independently verified.
SAT_F_008,Satpur,FREE,"Open space opposite Saubhagya Lawns, Papaya Nursery, Trimbak Road.",VENDOR_REFERENCE_UNION,HIGH,REFERENCE_HIGH,NOT_INDEPENDENTLY_VERIFIED,False,REF_AEB2128F4B2C,1,False,REFERENCE_READY_UNIQUE,False,Analytical reference only; official site-level boundary not independently verified.
SAT_F_009,Satpur,FREE,"Indira Gandhi Vegetable Market, Satpur Colony.",VENDOR_REFERENCE_UNION,LIKELY,REFERENCE_LIKELY,NOT_INDEPENDENTLY_VERIFIED,False,REF_F0200AB4D0E8,15,True,REFERENCE_READY_SHARED,False,Environmental context is shared with other official zones; exact site-level distinction requires geometry verification.
SAT_F_010,Satpur,FREE,"Sai Baba Temple, Anand Chhaya, Ashok Nagar, for sale of flowers and puja materials only.",OSM_NAMED_POINT_BUFFER,HIGH,REFERENCE_HIGH,NOT_INDEPENDENTLY_VERIFIED,False,REF_C5840C0433B1,2,True,REFERENCE_READY_SHARED,False,Environmental context is shared with other official zones; exact site-level distinction requires geometry verification.
SAT_F_011,Satpur,FREE,Ashok Nagar Vegetable Market.,VENDOR_REFERENCE_UNION,LIKELY,REFERENCE_LIKELY,NOT_INDEPENDENTLY_VERIFIED,False,REF_F0200AB4D0E8,15,True,REFERENCE_READY_SHARED,False,Environmental context is shared with other official zones; exact site-level distinction requires geometry verification.
SAT_F_012,Satpur,FREE,"Shramik Nagar Vegetable Market, Kedar Nagar, Shramik Nagar.",VENDOR_REFERENCE_UNION,HIGH,REFERENCE_HIGH,NOT_INDEPENDENTLY_VERIFIED,False,REF_57669307F36B,1,False,REFERENCE_READY_UNIQUE,False,Analytical reference only; official site-level boundary not independently verified.
SAT_F_013,Satpur,FREE,"Chhatrapati Shivaji Vegetable Market, Shivaji Nagar (36 inside and 19 outside, as stated in the description).",VENDOR_REFERENCE_UNION,LIKELY,REFERENCE_LIKELY,NOT_INDEPENDENTLY_VERIFIED,False,REF_F0200AB4D0E8,15,True,REFERENCE_READY_SHARED,False,Environmental context is shared with other official zones; exact site-level distinction requires geometry verification.
SAT_F_014,Satpur,FREE,Gangapur Gaon Vegetable Market.,VENDOR_REFERENCE_UNION,LIKELY,REFERENCE_LIKELY,NOT_INDEPENDENTLY_VERIFIED,False,REF_F0200AB4D0E8,15,True,REFERENCE_READY_SHARED,False,Environmental context is shared with other official zones; exact site-level distinction requires geometry verification.
SAT_F_015,Satpur,FREE,"Someshwar Waterfall, Someshwar.",OSM_NAMED_POINT_BUFFER,HIGH,REFERENCE_HIGH,NOT_INDEPENDENTLY_VERIFIED,False,REF_701255A7442D,1,False,REFERENCE_READY_UNIQUE,False,Analytical reference only; official site-level boundary not independently verified.
SAT_F_016,Satpur,FREE,"Open space at Anandvalli, Pipeline Road, opposite Reliance Petrol Pump, Satpur.",VENDOR_REFERENCE_UNION,HIGH,REFERENCE_HIGH,NOT_INDEPENDENTLY_VERIFIED,False,REF_E97E2D36AEC0,1,False,REFERENCE_READY_UNIQUE,False,Analytical reference only; official site-level boundary not independently verified.
SAT_F_017,Satpur,FREE,"Along the compound wall of Late G. Deshpande Garden, Mahatma Nagar.",VENDOR_REFERENCE_UNION,LIKELY,REFERENCE_LIKELY,NOT_INDEPENDENTLY_VERIFIED,False,REF_8D5D4204E42D,1,False,REFERENCE_READY_UNIQUE,False,Analytical reference only; official site-level boundary not independently verified.
SAT_F_018,Satpur,FREE,"Along the MSEB compound wall, Swar Baba Nagar.",UNRESOLVED,UNRESOLVED,NO_USABLE_REFERENCE,NOT_INDEPENDENTLY_VERIFIED,False,,0,False,NO_USABLE_REFERENCE,False,No usable analytical reference geometry.
SAT_F_019,Satpur,FREE,Along the MICO Hospital compound wall.,VENDOR_REFERENCE_UNION,LIKELY,REFERENCE_LIKELY,NOT_INDEPENDENTLY_VERIFIED,False,REF_CFE422F00E75,1,False,REFERENCE_READY_UNIQUE,False,Analytical reference only; official site-level boundary not independently verified.
SAT_F_020,Satpur,FREE,"Along the outer compound wall of Chhatrapati Shivaji Mandai, Shivaji Nagar.",OSM_NAMED_POINT_BUFFER,HIGH,REFERENCE_HIGH,NOT_INDEPENDENTLY_VERIFIED,False,REF_68F9FF59EC22,2,True,REFERENCE_READY_SHARED,False,Environmental context is shared with other official zones; exact site-level distinction requires geometry verification.
SAT_F_021,Satpur,FREE,"Beside Maruti Temple, Satpur Gaon.",OSM_NAMED_POINT_BUFFER,HIGH,REFERENCE_HIGH,NOT_INDEPENDENTLY_VERIFIED,False,REF_B12E9A1532D2,1,False,REFERENCE_READY_UNIQUE,False,Analytical reference only; official site-level boundary not independently verified.
SAT_F_022,Satpur,FREE,"Gat No. 19, Sanjiv Nagar, Chunchale.",VENDOR_REFERENCE_UNION,LIKELY,REFERENCE_LIKELY,NOT_INDEPENDENTLY_VERIFIED,False,REF_8DA1FF1A9CEF,1,False,REFERENCE_READY_UNIQUE,False,Analytical reference only; official site-level boundary not independently verified.
SAT_F_023,Satpur,FREE,"Dhruv Nagar, near the water tank, Shivaji Nagar.",OSM_NAMED_POINT_BUFFER,HIGH,REFERENCE_HIGH,NOT_INDEPENDENTLY_VERIFIED,False,REF_68F9FF59EC22,2,True,REFERENCE_READY_SHARED,False,Environmental context is shared with other official zones; exact site-level distinction requires geometry verification.
SAT_F_024,Satpur,FREE,"Along the garden compound wall opposite Omkar Palace, Dhruv Nagar.",VENDOR_REFERENCE_UNION,LIKELY,REFERENCE_LIKELY,NOT_INDEPENDENTLY_VERIFIED,False,REF_166B0E0FB67B,1,False,REFERENCE_READY_UNIQUE,False,Analytical reference only; official site-level boundary not independently verified.
SAT_F_025,Satpur,FREE,"Mahatma Nagar, near Ganesh Temple, leaving the prescribed distance from the school.",VENDOR_REFERENCE_UNION,LIKELY,REFERENCE_LIKELY,NOT_INDEPENDENTLY_VERIFIED,False,REF_DC04CD9A439B,1,False,REFERENCE_READY_UNIQUE,False,Analytical reference only; official site-level boundary not independently verified.
SAT_R_001,Satpur,RESTRICTED,Satpur Mutton Market Road.,VENDOR_REFERENCE_UNION,LIKELY,REFERENCE_LIKELY,NOT_INDEPENDENTLY_VERIFIED,False,REF_FE5AF4495116,1,False,REFERENCE_READY_UNIQUE,False,Analytical reference only; official site-level boundary not independently verified.
SAT_R_002,Satpur,RESTRICTED,Ashok Nagar last bus stop.,VENDOR_REFERENCE_UNION,LIKELY,REFERENCE_LIKELY,NOT_INDEPENDENTLY_VERIFIED,False,REF_713BD99A6011,1,False,REFERENCE_READY_UNIQUE,False,Analytical reference only; official site-level boundary not independently verified.
SAT_R_003,Satpur,RESTRICTED,"Near Manik Rama Mali Gymnasium, Kedar Nagar.",UNRESOLVED,UNRESOLVED,NO_USABLE_REFERENCE,NOT_INDEPENDENTLY_VERIFIED,False,,0,False,NO_USABLE_REFERENCE,False,No usable analytical reference geometry.
NV_001,Citywide,NO_VENDING,Bhadrakali Milk Market to Modak Point to Pimpalgaon Bahula.,UNRESOLVED,UNRESOLVED,NO_USABLE_REFERENCE,NOT_INDEPENDENTLY_VERIFIED,False,,0,False,NO_USABLE_REFERENCE,False,No usable analytical reference geometry.
NV_002,Citywide,NO_VENDING,Dwarka Circle to Chehdi village.,OSM_NAMED_POINT_BUFFER,HIGH,REFERENCE_HIGH,NOT_INDEPENDENTLY_VERIFIED,False,REF_84E9ABB20D80,2,True,REFERENCE_READY_SHARED,False,Environmental context is shared with other official zones; exact site-level distinction requires geometry verification.
NV_003,Citywide,NO_VENDING,Dwarka Circle to Pathardi Phata to Vilholi.,OSM_NAMED_LINE_BUFFER,HIGH,REFERENCE_HIGH,NOT_INDEPENDENTLY_VERIFIED,False,REF_A2AD434AAA9B,1,False,REFERENCE_READY_UNIQUE,False,Analytical reference only; official site-level boundary not independently verified.
NV_004,Citywide,NO_VENDING,Dwarka Circle to Old Adgaon Naka to New Adgaon Naka.,OSM_NAMED_POINT_BUFFER,HIGH,REFERENCE_HIGH,NOT_INDEPENDENTLY_VERIFIED,False,REF_84E9ABB20D80,2,True,REFERENCE_READY_SHARED,False,Environmental context is shared with other official zones; exact site-level distinction requires geometry verification.
NV_005,Citywide,NO_VENDING,Dindori Naka to the University of Health Sciences.,UNRESOLVED,UNRESOLVED,NO_USABLE_REFERENCE,NOT_INDEPENDENTLY_VERIFIED,False,,0,False,NO_USABLE_REFERENCE,False,No usable analytical reference geometry.
NV_006,Citywide,NO_VENDING,Peth Naka to RTO Office to Tavli Phata.,OSM_NAMED_POLYGON,LIKELY,REFERENCE_LIKELY,NOT_INDEPENDENTLY_VERIFIED,False,REF_6D91C96F6987,1,False,REFERENCE_READY_UNIQUE,False,Analytical reference only; official site-level boundary not independently verified.
NV_007,Citywide,NO_VENDING,Old Makhmalabad Naka to Dindori Naka to Santosh T Point (Old Adgaon Naka).,UNRESOLVED,UNRESOLVED,NO_USABLE_REFERENCE,NOT_INDEPENDENTLY_VERIFIED,False,,0,False,NO_USABLE_REFERENCE,False,No usable analytical reference geometry.
NV_008,Citywide,NO_VENDING,Ashok Stambh to Old Gangapur Naka to the NMC boundary at Gangapur Gaon.,OSM_NAMED_POINT_BUFFER,LIKELY,REFERENCE_LIKELY,NOT_INDEPENDENTLY_VERIFIED,False,REF_D2708FA6DAC4,2,True,REFERENCE_READY_SHARED,False,Environmental context is shared with other official zones; exact site-level distinction requires geometry verification.
NV_009,Citywide,NO_VENDING,Ashok Stambh to CBS to Gadkari Chowk to Mumbai Naka.,OSM_NAMED_POINT_BUFFER,HIGH,REFERENCE_HIGH,NOT_INDEPENDENTLY_VERIFIED,False,REF_EAED496D0988,2,True,REFERENCE_READY_SHARED,False,Environmental context is shared with other official zones; exact site-level distinction requires geometry verification.
NV_010,Citywide,NO_VENDING,Canada Corner to Bhosala Military School Gate (College Road).,OSM_NAMED_LINE_BUFFER,HIGH,REFERENCE_HIGH,NOT_INDEPENDENTLY_VERIFIED,False,REF_1305EAF3A4F9,2,True,REFERENCE_READY_SHARED,False,Environmental context is shared with other official zones; exact site-level distinction requires geometry verification.
NV_011,Citywide,NO_VENDING,ABB Circle to Jehan Circle.,UNRESOLVED,UNRESOLVED,NO_USABLE_REFERENCE,NOT_INDEPENDENTLY_VERIFIED,False,,0,False,NO_USABLE_REFERENCE,False,No usable analytical reference geometry.
NV_012,Citywide,NO_VENDING,Shalimar to CBS Chowk to Canada Corner.,OSM_NAMED_POINT_BUFFER,HIGH,REFERENCE_HIGH,NOT_INDEPENDENTLY_VERIFIED,False,REF_083E21BBB056,1,False,REFERENCE_READY_UNIQUE,False,Analytical reference only; official site-level boundary not independently verified.
NV_013,Citywide,NO_VENDING,Old Gangapur Naka to Canada Corner to Sharanpur Police Chowki to Dakshinmukhi Hanuman Temple.,OSM_NAMED_POINT_BUFFER,HIGH,REFERENCE_HIGH,NOT_INDEPENDENTLY_VERIFIED,False,REF_8231C7A40A7E,1,False,REFERENCE_READY_UNIQUE,False,Analytical reference only; official site-level boundary not independently verified.
NV_014,Citywide,NO_VENDING,MICO Circle to Trimurti Chowk to CIDCO Hospital to Pathardi Phata.,OSM_NAMED_LINE_BUFFER,HIGH,REFERENCE_HIGH,NOT_INDEPENDENTLY_VERIFIED,False,REF_07405A21A56A,2,True,REFERENCE_READY_SHARED,False,Environmental context is shared with other official zones; exact site-level distinction requires geometry verification.
NV_015,Citywide,NO_VENDING,MICO Circle to Chandak Circle to Gadkari Chowk to Sarda Circle to Dwarka Circle.,OSM_NAMED_LINE_BUFFER,HIGH,REFERENCE_HIGH,NOT_INDEPENDENTLY_VERIFIED,False,REF_DC351865F18D,3,True,REFERENCE_READY_SHARED,False,Environmental context is shared with other official zones; exact site-level distinction requires geometry verification.
NV_016,Citywide,NO_VENDING,Chandak Circle to Sandeep Hotel.,OSM_NAMED_LINE_BUFFER,HIGH,REFERENCE_HIGH,NOT_INDEPENDENTLY_VERIFIED,False,REF_DC351865F18D,3,True,REFERENCE_READY_SHARED,False,Environmental context is shared with other official zones; exact site-level distinction requires geometry verification.
NV_017,Citywide,NO_VENDING,Chandak Circle to Mahamarg Bus Stand.,OSM_NAMED_LINE_BUFFER,HIGH,REFERENCE_HIGH,NOT_INDEPENDENTLY_VERIFIED,False,REF_DC351865F18D,3,True,REFERENCE_READY_SHARED,False,Environmental context is shared with other official zones; exact site-level distinction requires geometry verification.
NV_018,Citywide,NO_VENDING,"Pathardi Phata to Vadner Gate to Vadner village to Vihitgaon, Lam Road.",OSM_NAMED_LINE_BUFFER,HIGH,REFERENCE_HIGH,NOT_INDEPENDENTLY_VERIFIED,False,REF_07405A21A56A,2,True,REFERENCE_READY_SHARED,False,Environmental context is shared with other official zones; exact site-level distinction requires geometry verification.
NV_019,Citywide,NO_VENDING,Papaya Nursery to XLO Point to Garware Point.,OSM_NAMED_POINT_BUFFER,HIGH,REFERENCE_HIGH,NOT_INDEPENDENTLY_VERIFIED,False,REF_3DFACF6F5983,1,False,REFERENCE_READY_UNIQUE,False,Analytical reference only; official site-level boundary not independently verified.
NV_020,Citywide,NO_VENDING,ITI Signal to Khutwad Nagar to Mauli Lawns to Ambad MIDC Road.,VENDOR_REFERENCE_UNION,LIKELY,REFERENCE_LIKELY,NOT_INDEPENDENTLY_VERIFIED,False,REF_B1B7BA343DB8,1,False,REFERENCE_READY_UNIQUE,False,Analytical reference only; official site-level boundary not independently verified.
NV_021,Citywide,NO_VENDING,Bardana Phata (Gangapur Road) to Shramik Nagar to Ashok Nagar to Trimbak Road.,VENDOR_REFERENCE_UNION,LIKELY,REFERENCE_LIKELY,NOT_INDEPENDENTLY_VERIFIED,False,REF_48A357F5B764,1,False,REFERENCE_READY_UNIQUE,False,Analytical reference only; official site-level boundary not independently verified.
NV_022,Citywide,NO_VENDING,Shalimar to Gadge Maharaj Statue.,OSM_NAMED_POINT_BUFFER,LIKELY,REFERENCE_LIKELY,NOT_INDEPENDENTLY_VERIFIED,False,REF_1C3584B53F46,2,True,REFERENCE_READY_SHARED,False,Environmental context is shared with other official zones; exact site-level distinction requires geometry verification.
NV_023,Citywide,NO_VENDING,Meher Signal to Dhumal Point.,UNRESOLVED,UNRESOLVED,NO_USABLE_REFERENCE,NOT_INDEPENDENTLY_VERIFIED,False,,0,False,NO_USABLE_REFERENCE,False,No usable analytical reference geometry.
NV_024,Citywide,NO_VENDING,Ravivar Karanja to Ashok Stambh.,OSM_NAMED_POINT_BUFFER,LIKELY,REFERENCE_LIKELY,NOT_INDEPENDENTLY_VERIFIED,False,REF_D2708FA6DAC4,2,True,REFERENCE_READY_SHARED,False,Environmental context is shared with other official zones; exact site-level distinction requires geometry verification.
NV_025,Citywide,NO_VENDING,Panchavati Karanja to Dindori Naka.,VENDOR_REFERENCE_UNION,LIKELY,REFERENCE_LIKELY,NOT_INDEPENDENTLY_VERIFIED,False,REF_9AC0E61CE393,1,False,REFERENCE_READY_UNIQUE,False,Analytical reference only; official site-level boundary not independently verified.
NV_026,Citywide,NO_VENDING,Panchavati Karanja to Nimani Bus Stand.,OSM_NAMED_POINT_BUFFER,HIGH,REFERENCE_HIGH,NOT_INDEPENDENTLY_VERIFIED,False,REF_250EBA0262D7,2,True,REFERENCE_READY_SHARED,False,Environmental context is shared with other official zones; exact site-level distinction requires geometry verification.
NV_027,Citywide,NO_VENDING,Ravivar Karanja to Sangli Bank to Shalimar.,OSM_NAMED_POINT_BUFFER,LIKELY,REFERENCE_LIKELY,NOT_INDEPENDENTLY_VERIFIED,False,REF_1C3584B53F46,2,True,REFERENCE_READY_SHARED,False,Environmental context is shared with other official zones; exact site-level distinction requires geometry verification.
NV_028,Citywide,NO_VENDING,Indira Nagar to DGP Nagar to Dr. Ambedkar Nagar.,OSM_NAMED_POINT_BUFFER,HIGH,REFERENCE_HIGH,NOT_INDEPENDENTLY_VERIFIED,False,REF_C87F1D5CE50E,1,False,REFERENCE_READY_UNIQUE,False,Analytical reference only; official site-level boundary not independently verified.
NV_029,Citywide,NO_VENDING,Mumbai Naka to Kathe Galli Signal.,OSM_NAMED_POINT_BUFFER,HIGH,REFERENCE_HIGH,NOT_INDEPENDENTLY_VERIFIED,False,REF_EAED496D0988,2,True,REFERENCE_READY_SHARED,False,Environmental context is shared with other official zones; exact site-level distinction requires geometry verification.
NV_030,Citywide,NO_VENDING,Wadala Naka to Pakhal Road to Pathardi.,OSM_NAMED_LINE_BUFFER,HIGH,REFERENCE_HIGH,NOT_INDEPENDENTLY_VERIFIED,False,REF_3678EBA3766C,1,False,REFERENCE_READY_UNIQUE,False,Analytical reference only; official site-level boundary not independently verified.
NV_031,Citywide,NO_VENDING,Fame Theatre Signal (Pune Highway) to Takli (Old Saikheda Road).,OSM_NAMED_LINE_BUFFER,HIGH,REFERENCE_HIGH,NOT_INDEPENDENTLY_VERIFIED,False,REF_210392D36DCF,1,False,REFERENCE_READY_UNIQUE,False,Analytical reference only; official site-level boundary not independently verified.
NV_032,Citywide,NO_VENDING,Fame Theatre Signal to Tapovan Chowk to Aurangabad Road.,OSM_NAMED_LINE_BUFFER,LIKELY,REFERENCE_LIKELY,NOT_INDEPENDENTLY_VERIFIED,False,REF_4456EA1C0BBC,2,True,REFERENCE_READY_SHARED,False,Environmental context is shared with other official zones; exact site-level distinction requires geometry verification.
NV_033,Citywide,NO_VENDING,ABB Circle to City Centre Mall to Indira Nagar Chowfuli.,OSM_NAMED_POINT_BUFFER,LIKELY,REFERENCE_LIKELY,NOT_INDEPENDENTLY_VERIFIED,False,REF_14EE923FAEB1,1,False,REFERENCE_READY_UNIQUE,False,Analytical reference only; official site-level boundary not independently verified.
NV_034,Citywide,NO_VENDING,Rasbihari School to Dindori Road to Peth Road to Makhmalabad Road (Ring Road).,OSM_NAMED_LINE_BUFFER,HIGH,REFERENCE_HIGH,NOT_INDEPENDENTLY_VERIFIED,False,REF_8191CF1C7D34,3,True,REFERENCE_READY_SHARED,False,Environmental context is shared with other official zones; exact site-level distinction requires geometry verification.
NV_035,Citywide,NO_VENDING,Mhasrul to Makhmalabad village via Link Road.,OSM_NAMED_LINE_BUFFER,HIGH,REFERENCE_HIGH,NOT_INDEPENDENTLY_VERIFIED,False,REF_46009D796182,1,False,REFERENCE_READY_UNIQUE,False,Analytical reference only; official site-level boundary not independently verified.
NV_036,Citywide,NO_VENDING,Bitco Point to Saubhagya Nagar No. 6 Naka.,UNRESOLVED,UNRESOLVED,NO_USABLE_REFERENCE,NOT_INDEPENDENTLY_VERIFIED,False,,0,False,NO_USABLE_REFERENCE,False,No usable analytical reference geometry.
NV_037,Citywide,NO_VENDING,Bitco Point to Nandur Naka (Aurangabad Road).,OSM_NAMED_LINE_BUFFER,LIKELY,REFERENCE_LIKELY,NOT_INDEPENDENTLY_VERIFIED,False,REF_4456EA1C0BBC,2,True,REFERENCE_READY_SHARED,False,Environmental context is shared with other official zones; exact site-level distinction requires geometry verification.
NV_038,Citywide,NO_VENDING,Subhash Road to Dr. Ambedkar Statue.,OSM_NAMED_LINE_BUFFER,HIGH,REFERENCE_HIGH,NOT_INDEPENDENTLY_VERIFIED,False,REF_C2EFDE1D491D,1,False,REFERENCE_READY_UNIQUE,False,Analytical reference only; official site-level boundary not independently verified.
NV_039,Citywide,NO_VENDING,Shivaji Statue to Dr. Ambedkar Statue.,OSM_NAMED_POINT_BUFFER,HIGH,REFERENCE_HIGH,NOT_INDEPENDENTLY_VERIFIED,False,REF_B9BA4088C1D1,1,False,REFERENCE_READY_UNIQUE,False,Analytical reference only; official site-level boundary not independently verified.
NV_040,Citywide,NO_VENDING,Wadala Gaon to Rane Nagar (Ring Road).,OSM_NAMED_POINT_BUFFER,HIGH,REFERENCE_HIGH,NOT_INDEPENDENTLY_VERIFIED,False,REF_5B161608A286,1,False,REFERENCE_READY_UNIQUE,False,Analytical reference only; official site-level boundary not independently verified.
NV_041,Citywide,NO_VENDING,All service roads of National Highway No. 3.,OSM_NAMED_LINE_BUFFER,LIKELY,REFERENCE_LIKELY,NOT_INDEPENDENTLY_VERIFIED,False,REF_FD696AFB323F,1,False,REFERENCE_READY_UNIQUE,False,Analytical reference only; official site-level boundary not independently verified.
NV_042,Citywide,NO_VENDING,Dongre Hostel to Kulkarni Garden to MICO Circle.,UNRESOLVED,UNRESOLVED,NO_USABLE_REFERENCE,NOT_INDEPENDENTLY_VERIFIED,False,,0,False,NO_USABLE_REFERENCE,False,No usable analytical reference geometry.
NV_043,Citywide,NO_VENDING,Area near Dr. Zakir Hussain Hospital.,OSM_NAMED_POLYGON,HIGH,REFERENCE_HIGH,NOT_INDEPENDENTLY_VERIFIED,False,REF_DFEF2A47064E,1,False,REFERENCE_READY_UNIQUE,False,Analytical reference only; official site-level boundary not independently verified.
NV_044,Citywide,NO_VENDING,"Ravindra Vidyalaya, Kathe Galli, Nashik.",OSM_NAMED_POINT_BUFFER,LIKELY,REFERENCE_LIKELY,NOT_INDEPENDENTLY_VERIFIED,False,REF_46BF8A27DDF8,1,False,REFERENCE_READY_UNIQUE,False,Analytical reference only; official site-level boundary not independently verified.
NV_045,Citywide,NO_VENDING,"NMC Water Purification Centre, Bara Bangla.",UNRESOLVED,UNRESOLVED,NO_USABLE_REFERENCE,NOT_INDEPENDENTLY_VERIFIED,False,,0,False,NO_USABLE_REFERENCE,False,No usable analytical reference geometry.
NV_046,Citywide,NO_VENDING,"Divisional Referral Hospital area, Shalimar and Indira Gandhi Chowk, and Savita Desai Hospital area.",OSM_NAMED_POINT_BUFFER,LIKELY,REFERENCE_LIKELY,NOT_INDEPENDENTLY_VERIFIED,False,REF_504698442D8B,1,False,REFERENCE_READY_UNIQUE,False,Analytical reference only; official site-level boundary not independently verified.
NV_047,Citywide,NO_VENDING,Sarkarwada area.,OSM_NAMED_POLYGON,LIKELY,REFERENCE_LIKELY,NOT_INDEPENDENTLY_VERIFIED,False,REF_D7FA6B0AAC2A,3,True,REFERENCE_READY_SHARED,False,Environmental context is shared with other official zones; exact site-level distinction requires geometry verification.
NV_048,Citywide,NO_VENDING,Sloping road at Malegaon Stand.,UNRESOLVED,UNRESOLVED,NO_USABLE_REFERENCE,NOT_INDEPENDENTLY_VERIFIED,False,,0,False,NO_USABLE_REFERENCE,False,No usable analytical reference geometry.
NV_049,Citywide,NO_VENDING,Panchavati Karanja to Victoria Bridge.,OSM_NAMED_POINT_BUFFER,HIGH,REFERENCE_HIGH,NOT_INDEPENDENTLY_VERIFIED,False,REF_250EBA0262D7,2,True,REFERENCE_READY_SHARED,False,Environmental context is shared with other official zones; exact site-level distinction requires geometry verification.
NV_050,Citywide,NO_VENDING,Road from Ramkund to Kapaleshwar Temple to Khandve Sabhagruh to Malviya Chowk to Shivaji Chowk to Shani Temple to Sardar Chowk to Sai Temple and back to Kapaleshwar Temple.,OSM_NAMED_POINT_BUFFER,HIGH,REFERENCE_HIGH,NOT_INDEPENDENTLY_VERIFIED,False,REF_F8DF05FE5A4F,1,False,REFERENCE_READY_UNIQUE,False,Analytical reference only; official site-level boundary not independently verified.
NV_051,Citywide,NO_VENDING,Road from the south gate of Shri Kalaram Temple to Sardar Chowk.,OSM_NAMED_POLYGON,HIGH,REFERENCE_HIGH,NOT_INDEPENDENTLY_VERIFIED,False,REF_E9BA42C14DBE,2,True,REFERENCE_READY_SHARED,False,Environmental context is shared with other official zones; exact site-level distinction requires geometry verification.
NV_052,Citywide,NO_VENDING,Peth Naka to Chinchban Bridge.,UNRESOLVED,UNRESOLVED,NO_USABLE_REFERENCE,NOT_INDEPENDENTLY_VERIFIED,False,,0,False,NO_USABLE_REFERENCE,False,No usable analytical reference geometry.
NV_053,Citywide,NO_VENDING,Gauri Patangan on the Godavari River.,OSM_NAMED_LINE_BUFFER,LIKELY,REFERENCE_LIKELY,NOT_INDEPENDENTLY_VERIFIED,False,REF_9EAFB007664F,1,False,REFERENCE_READY_UNIQUE,False,Analytical reference only; official site-level boundary not independently verified.
NV_054,Citywide,NO_VENDING,Mhasoba Patangan on the Godavari River and the area opposite Sai Baba Temple.,OSM_NAMED_POINT_BUFFER,HIGH,REFERENCE_HIGH,NOT_INDEPENDENTLY_VERIFIED,False,REF_C5840C0433B1,2,True,REFERENCE_READY_SHARED,False,Environmental context is shared with other official zones; exact site-level distinction requires geometry verification.
NV_055,Citywide,NO_VENDING,Gangamai Vegetable Market.,OSM_NAMED_POLYGON,LIKELY,REFERENCE_LIKELY,NOT_INDEPENDENTLY_VERIFIED,False,REF_F0200AB4D0E8,15,True,REFERENCE_READY_SHARED,False,Environmental context is shared with other official zones; exact site-level distinction requires geometry verification.
NV_056,Citywide,NO_VENDING,Ramkund parking area.,OSM_NAMED_POINT_BUFFER,LIKELY,REFERENCE_LIKELY,NOT_INDEPENDENTLY_VERIFIED,False,REF_449D9EB5C4DB,1,False,REFERENCE_READY_UNIQUE,False,Analytical reference only; official site-level boundary not independently verified.
NV_057,Citywide,NO_VENDING,Within 50 metres of the Divisional Commissioner Office.,OSM_NAMED_POLYGON,HIGH,REFERENCE_HIGH,NOT_INDEPENDENTLY_VERIFIED,False,REF_1337E5426A4E,1,False,REFERENCE_READY_UNIQUE,False,Analytical reference only; official site-level boundary not independently verified.
NV_058,Citywide,NO_VENDING,50-metre area from Artillery Center Gate to Jai Bhavani Road Chowk.,UNRESOLVED,UNRESOLVED,NO_USABLE_REFERENCE,NOT_INDEPENDENTLY_VERIFIED,False,,0,False,NO_USABLE_REFERENCE,False,No usable analytical reference geometry.
NV_059,Citywide,NO_VENDING,Road in front of Jairambhai Hospital.,UNRESOLVED,UNRESOLVED,NO_USABLE_REFERENCE,NOT_INDEPENDENTLY_VERIFIED,False,,0,False,NO_USABLE_REFERENCE,False,No usable analytical reference geometry.
NV_060,Citywide,NO_VENDING,Road in front of Bitco Hospital.,UNRESOLVED,UNRESOLVED,NO_USABLE_REFERENCE,NOT_INDEPENDENTLY_VERIFIED,False,,0,False,NO_USABLE_REFERENCE,False,No usable analytical reference geometry.
NV_061,Citywide,NO_VENDING,"Narayan Bapu Nagar Chowk, Old Saikheda Road.",OSM_NAMED_LINE_BUFFER,LIKELY,REFERENCE_LIKELY,NOT_INDEPENDENTLY_VERIFIED,False,REF_FD136D08164F,2,True,REFERENCE_READY_SHARED,False,Environmental context is shared with other official zones; exact site-level distinction requires geometry verification.
NV_062,Citywide,NO_VENDING,"Rajarajeshwari Chowk, Old Saikheda Road.",OSM_NAMED_LINE_BUFFER,LIKELY,REFERENCE_LIKELY,NOT_INDEPENDENTLY_VERIFIED,False,REF_FD136D08164F,2,True,REFERENCE_READY_SHARED,False,Environmental context is shared with other official zones; exact site-level distinction requires geometry verification.
NV_063,Citywide,NO_VENDING,Nashik Road Railway Station to Dr. Babasaheb Ambedkar Statue Chowk.,OSM_NAMED_LINE_BUFFER,HIGH,REFERENCE_HIGH,NOT_INDEPENDENTLY_VERIFIED,False,REF_76AC40CE20B2,1,False,REFERENCE_READY_UNIQUE,False,Analytical reference only; official site-level boundary not independently verified.
NV_064,Citywide,NO_VENDING,"CIDCO Office area, Lekha Nagar.",OSM_NAMED_POINT_BUFFER,LIKELY,REFERENCE_LIKELY,NOT_INDEPENDENTLY_VERIFIED,False,REF_F750E7717A67,3,True,REFERENCE_READY_SHARED,False,Environmental context is shared with other official zones; exact site-level distinction requires geometry verification.
NV_065,Citywide,NO_VENDING,Ambad Police Station and NMC Divisional Office building area.,OSM_NAMED_POLYGON,LIKELY,REFERENCE_LIKELY,NOT_INDEPENDENTLY_VERIFIED,False,REF_6A21B50C66FB,1,False,REFERENCE_READY_UNIQUE,False,Analytical reference only; official site-level boundary not independently verified.
NV_066,Citywide,NO_VENDING,"BSNL Office area, Ashwin Nagar.",OSM_NAMED_POINT_BUFFER,HIGH,REFERENCE_HIGH,NOT_INDEPENDENTLY_VERIFIED,False,REF_2F67225F7F5D,1,False,REFERENCE_READY_UNIQUE,False,Analytical reference only; official site-level boundary not independently verified.
NV_067,Citywide,NO_VENDING,"Fire Brigade Centre, Old State Bank Chowk.",OSM_NAMED_POINT_BUFFER,LIKELY,REFERENCE_LIKELY,NOT_INDEPENDENTLY_VERIFIED,False,REF_BA63A7DF63CB,2,True,REFERENCE_READY_SHARED,False,Environmental context is shared with other official zones; exact site-level distinction requires geometry verification.
NV_068,Citywide,NO_VENDING,"MVP College area, Uttam Nagar.",OSM_NAMED_POINT_BUFFER,HIGH,REFERENCE_HIGH,NOT_INDEPENDENTLY_VERIFIED,False,REF_E938E5D3F983,1,False,REFERENCE_READY_UNIQUE,False,Analytical reference only; official site-level boundary not independently verified.
NV_069,Citywide,NO_VENDING,"Circle near Shivaji Statue, Lekha Nagar.",OSM_NAMED_POINT_BUFFER,LIKELY,REFERENCE_LIKELY,NOT_INDEPENDENTLY_VERIFIED,False,REF_F750E7717A67,3,True,REFERENCE_READY_SHARED,False,Environmental context is shared with other official zones; exact site-level distinction requires geometry verification.
NV_070,Citywide,NO_VENDING,Pavan Nagar Circle area.,OSM_NAMED_POINT_BUFFER,LIKELY,REFERENCE_LIKELY,NOT_INDEPENDENTLY_VERIFIED,False,REF_00046D6842A1,1,False,REFERENCE_READY_UNIQUE,False,Analytical reference only; official site-level boundary not independently verified.
NV_071,Citywide,NO_VENDING,Morwadi Chowk area.,OSM_NAMED_POLYGON,LIKELY,REFERENCE_LIKELY,NOT_INDEPENDENTLY_VERIFIED,False,REF_D7FA6B0AAC2A,3,True,REFERENCE_READY_SHARED,False,Environmental context is shared with other official zones; exact site-level distinction requires geometry verification.
NV_072,Citywide,NO_VENDING,Maharana Pratap Chowk area.,OSM_NAMED_POINT_BUFFER,HIGH,REFERENCE_HIGH,NOT_INDEPENDENTLY_VERIFIED,False,REF_639F9B1ACEA8,1,False,REFERENCE_READY_UNIQUE,False,Analytical reference only; official site-level boundary not independently verified.
NV_073,Citywide,NO_VENDING,"Swami Vivekanand Chowk, Rane Nagar.",OSM_NAMED_POINT_BUFFER,HIGH,REFERENCE_HIGH,NOT_INDEPENDENTLY_VERIFIED,False,REF_6C11A418798D,1,False,REFERENCE_READY_UNIQUE,False,Analytical reference only; official site-level boundary not independently verified.
NV_074,Citywide,NO_VENDING,Bhosala Military School northern gate to Asaram Bapu Ashram.,OSM_NAMED_POLYGON,HIGH,REFERENCE_HIGH,NOT_INDEPENDENTLY_VERIFIED,False,REF_6E2E886CFA4A,1,False,REFERENCE_READY_UNIQUE,False,Analytical reference only; official site-level boundary not independently verified.
NV_075,Citywide,NO_VENDING,"Satpur Kaman Main Road, from the Maruti Temple area to Dadoba Bridge.",OSM_NAMED_POLYGON,LIKELY,REFERENCE_LIKELY,NOT_INDEPENDENTLY_VERIFIED,False,REF_D2AE3F069677,12,True,REFERENCE_READY_SHARED,False,Environmental context is shared with other official zones; exact site-level distinction requires geometry verification.
NV_076,Citywide,NO_VENDING,Sakal Circle to Swar Baba Nagar Circle.,UNRESOLVED,UNRESOLVED,NO_USABLE_REFERENCE,NOT_INDEPENDENTLY_VERIFIED,False,,0,False,NO_USABLE_REFERENCE,False,No usable analytical reference geometry.
NV_077,Citywide,NO_VENDING,Swar Baba Circle to MICO Hospital.,OSM_NAMED_POLYGON,LIKELY,REFERENCE_LIKELY,NOT_INDEPENDENTLY_VERIFIED,False,REF_117E6C6209C4,1,False,REFERENCE_READY_UNIQUE,False,Analytical reference only; official site-level boundary not independently verified.
NV_078,Citywide,NO_VENDING,Trimbak Road to Amardham Road.,OSM_NAMED_LINE_BUFFER,HIGH,REFERENCE_HIGH,NOT_INDEPENDENTLY_VERIFIED,False,REF_5B31DC881596,1,False,REFERENCE_READY_UNIQUE,False,Analytical reference only; official site-level boundary not independently verified.
NV_079,Citywide,NO_VENDING,Indian Petrol Pump to MHADA Colony.,OSM_NAMED_POINT_BUFFER,LIKELY,REFERENCE_LIKELY,NOT_INDEPENDENTLY_VERIFIED,False,REF_1B40A87C9014,1,False,REFERENCE_READY_UNIQUE,False,Analytical reference only; official site-level boundary not independently verified.
NV_080,Citywide,NO_VENDING,XLO Point to Chunchale village.,OSM_NAMED_POLYGON,LIKELY,REFERENCE_LIKELY,NOT_INDEPENDENTLY_VERIFIED,False,REF_AF09D76A0FE7,1,False,REFERENCE_READY_UNIQUE,False,Analytical reference only; official site-level boundary not independently verified.
NV_081,Citywide,NO_VENDING,"Datta Mandir Bus Stop to Vikhe Patil School, Keval Park.",OSM_NAMED_POLYGON,HIGH,REFERENCE_HIGH,NOT_INDEPENDENTLY_VERIFIED,False,REF_1684CF9C799B,1,False,REFERENCE_READY_UNIQUE,False,Analytical reference only; official site-level boundary not independently verified.
NV_082,Citywide,NO_VENDING,Carbon Naka to Chitra Wire Company.,UNRESOLVED,UNRESOLVED,NO_USABLE_REFERENCE,NOT_INDEPENDENTLY_VERIFIED,False,,0,False,NO_USABLE_REFERENCE,False,No usable analytical reference geometry.
NV_083,Citywide,NO_VENDING,"Anandvalli, Gangapur Road, to Reliance Petrol Pump.",OSM_NAMED_LINE_BUFFER,HIGH,REFERENCE_HIGH,NOT_INDEPENDENTLY_VERIFIED,False,REF_77CFC60326A7,1,False,REFERENCE_READY_UNIQUE,False,Analytical reference only; official site-level boundary not independently verified.
