zone_id,division,zone_type,official_capacity,proposed_vendor_count,text_associated_vendor_count,review_required_vendor_count,vegetable_fruit_count,food_count,clothing_count,flower_count,general_goods_count,other_count,unknown_count,distinct_location_groups,verified_occupancy,verified_available_capacity,evidence_status,source_record_year,evidence_note
NE_F_001,Nashik East,FREE,118,34,32,2,15,14,0,0,0,4,1,2,,,CANDIDATE_ASSOCIATIONS_ONLY,2024,2024 voter-list proposed associations; no verified current occupancy or vacancies. Counts are not allocation approvals.
NE_F_002,Nashik East,FREE,10,3,3,0,0,2,0,0,1,0,0,1,,,CANDIDATE_ASSOCIATIONS_ONLY,2024,2024 voter-list proposed associations; no verified current occupancy or vacancies. Counts are not allocation approvals.
NE_F_003,Nashik East,FREE,,8,6,2,5,0,0,0,1,2,0,3,,,CANDIDATE_ASSOCIATIONS_ONLY,2024,2024 voter-list proposed associations; no verified current occupancy or vacancies. Counts are not allocation approvals.
NE_F_004,Nashik East,FREE,155,9,9,0,2,3,0,0,3,1,0,1,,,CANDIDATE_ASSOCIATIONS_ONLY,2024,2024 voter-list proposed associations; no verified current occupancy or vacancies. Counts are not allocation approvals.
NE_F_005,Nashik East,FREE,33,30,29,1,6,10,3,2,6,3,0,3,,,CANDIDATE_ASSOCIATIONS_ONLY,2024,2024 voter-list proposed associations; no verified current occupancy or vacancies. Counts are not allocation approvals.
NE_F_006,Nashik East,FREE,20,0,0,0,0,0,0,0,0,0,0,0,,,NO_PROPOSED_ASSOCIATIONS,2024,2024 voter-list proposed associations; no verified current occupancy or vacancies. Counts are not allocation approvals.
NE_F_007,Nashik East,FREE,99,33,32,1,29,1,0,2,1,0,0,2,,,CANDIDATE_ASSOCIATIONS_ONLY,2024,2024 voter-list proposed associations; no verified current occupancy or vacancies. Counts are not allocation approvals.
NE_F_008,Nashik East,FREE,93,143,132,11,46,56,3,2,15,18,3,6,,,CANDIDATE_ASSOCIATIONS_ONLY,2024,2024 voter-list proposed associations; no verified current occupancy or vacancies. Counts are not allocation approvals.
NE_F_009,Nashik East,FREE,18,0,0,0,0,0,0,0,0,0,0,0,,,NO_PROPOSED_ASSOCIATIONS,2024,2024 voter-list proposed associations; no verified current occupancy or vacancies. Counts are not allocation approvals.
NE_F_010,Nashik East,FREE,191,67,65,2,52,8,0,1,6,0,0,3,,,CANDIDATE_ASSOCIATIONS_ONLY,2024,2024 voter-list proposed associations; no verified current occupancy or vacancies. Counts are not allocation approvals.
NE_F_011,Nashik East,FREE,81,106,105,1,43,36,0,2,15,7,3,2,,,CANDIDATE_ASSOCIATIONS_ONLY,2024,2024 voter-list proposed associations; no verified current occupancy or vacancies. Counts are not allocation approvals.
NE_F_012,Nashik East,FREE,66,33,30,3,23,7,0,0,3,0,0,4,,,CANDIDATE_ASSOCIATIONS_ONLY,2024,2024 voter-list proposed associations; no verified current occupancy or vacancies. Counts are not allocation approvals.
NE_F_013,Nashik East,FREE,20,0,0,0,0,0,0,0,0,0,0,0,,,NO_PROPOSED_ASSOCIATIONS,2024,2024 voter-list proposed associations; no verified current occupancy or vacancies. Counts are not allocation approvals.
NE_F_014,Nashik East,FREE,146,20,16,4,9,5,1,0,3,2,0,3,,,CANDIDATE_ASSOCIATIONS_ONLY,2024,2024 voter-list proposed associations; no verified current occupancy or vacancies. Counts are not allocation approvals.
NE_F_015,Nashik East,FREE,20,1,0,1,1,0,0,0,0,0,0,1,,,CANDIDATE_ASSOCIATIONS_ONLY,2024,2024 voter-list proposed associations; no verified current occupancy or vacancies. Counts are not allocation approvals.
NE_F_016,Nashik East,FREE,31,19,17,2,7,8,1,0,0,3,0,3,,,CANDIDATE_ASSOCIATIONS_ONLY,2024,2024 voter-list proposed associations; no verified current occupancy or vacancies. Counts are not allocation approvals.
NE_R_001,Nashik East,RESTRICTED,123,3,3,0,2,0,0,0,0,1,0,1,,,CANDIDATE_ASSOCIATIONS_ONLY,2024,2024 voter-list proposed associations; no verified current occupancy or vacancies. Counts are not allocation approvals.
NE_R_002,Nashik East,RESTRICTED,10,2,2,0,1,0,0,0,0,1,0,1,,,CANDIDATE_ASSOCIATIONS_ONLY,2024,2024 voter-list proposed associations; no verified current occupancy or vacancies. Counts are not allocation approvals.
NW_F_001,Nashik West,FREE,115,33,29,4,8,13,4,1,6,0,1,4,,,CANDIDATE_ASSOCIATIONS_ONLY,2024,2024 voter-list proposed associations; no verified current occupancy or vacancies. Counts are not allocation approvals.
NW_F_002,Nashik West,FREE,50,34,32,2,12,7,4,2,7,0,2,3,,,CANDIDATE_ASSOCIATIONS_ONLY,2024,2024 voter-list proposed associations; no verified current occupancy or vacancies. Counts are not allocation approvals.
NW_F_003,Nashik West,FREE,150,114,104,10,32,33,14,4,23,5,3,5,,,CANDIDATE_ASSOCIATIONS_ONLY,2024,2024 voter-list proposed associations; no verified current occupancy or vacancies. Counts are not allocation approvals.
NW_F_004,Nashik West,FREE,130,128,101,27,45,16,19,6,32,4,6,8,,,CANDIDATE_ASSOCIATIONS_ONLY,2024,2024 voter-list proposed associations; no verified current occupancy or vacancies. Counts are not allocation approvals.
NW_F_005,Nashik West,FREE,100,138,110,28,32,30,19,5,30,17,5,7,,,CANDIDATE_ASSOCIATIONS_ONLY,2024,2024 voter-list proposed associations; no verified current occupancy or vacancies. Counts are not allocation approvals.
NW_F_006,Nashik West,FREE,50,21,19,2,5,8,3,0,4,0,1,3,,,CANDIDATE_ASSOCIATIONS_ONLY,2024,2024 voter-list proposed associations; no verified current occupancy or vacancies. Counts are not allocation approvals.
NW_F_007,Nashik West,FREE,16,60,36,24,15,14,9,4,14,2,2,8,,,CANDIDATE_ASSOCIATIONS_ONLY,2024,2024 voter-list proposed associations; no verified current occupancy or vacancies. Counts are not allocation approvals.
NW_F_008,Nashik West,FREE,40,18,0,18,7,3,0,0,2,6,0,2,,,CANDIDATE_ASSOCIATIONS_ONLY,2024,2024 voter-list proposed associations; no verified current occupancy or vacancies. Counts are not allocation approvals.
NW_F_009,Nashik West,FREE,80,23,13,10,6,8,4,0,4,0,1,7,,,CANDIDATE_ASSOCIATIONS_ONLY,2024,2024 voter-list proposed associations; no verified current occupancy or vacancies. Counts are not allocation approvals.
NW_F_010,Nashik West,FREE,46,46,36,10,9,19,5,1,6,4,2,3,,,CANDIDATE_ASSOCIATIONS_ONLY,2024,2024 voter-list proposed associations; no verified current occupancy or vacancies. Counts are not allocation approvals.
NW_F_011,Nashik West,FREE,60,16,0,16,7,4,1,0,4,0,0,4,,,CANDIDATE_ASSOCIATIONS_ONLY,2024,2024 voter-list proposed associations; no verified current occupancy or vacancies. Counts are not allocation approvals.
NW_F_012,Nashik West,FREE,30,16,13,3,6,6,0,1,3,0,0,3,,,CANDIDATE_ASSOCIATIONS_ONLY,2024,2024 voter-list proposed associations; no verified current occupancy or vacancies. Counts are not allocation approvals.
NW_F_013,Nashik West,FREE,20,40,25,15,7,9,2,1,2,17,2,4,,,CANDIDATE_ASSOCIATIONS_ONLY,2024,2024 voter-list proposed associations; no verified current occupancy or vacancies. Counts are not allocation approvals.
NW_F_014,Nashik West,FREE,80,18,0,18,8,6,1,0,3,0,0,3,,,CANDIDATE_ASSOCIATIONS_ONLY,2024,2024 voter-list proposed associations; no verified current occupancy or vacancies. Counts are not allocation approvals.
NW_F_015,Nashik West,FREE,20,0,0,0,0,0,0,0,0,0,0,0,,,NO_PROPOSED_ASSOCIATIONS,2024,2024 voter-list proposed associations; no verified current occupancy or vacancies. Counts are not allocation approvals.
NW_F_016,Nashik West,FREE,100,65,0,65,18,14,11,2,16,2,2,5,,,CANDIDATE_ASSOCIATIONS_ONLY,2024,2024 voter-list proposed associations; no verified current occupancy or vacancies. Counts are not allocation approvals.
NW_F_017,Nashik West,FREE,48,73,57,16,21,18,15,0,14,0,5,7,,,CANDIDATE_ASSOCIATIONS_ONLY,2024,2024 voter-list proposed associations; no verified current occupancy or vacancies. Counts are not allocation approvals.
NW_F_018,Nashik West,FREE,100,19,0,19,2,7,3,1,4,1,1,5,,,CANDIDATE_ASSOCIATIONS_ONLY,2024,2024 voter-list proposed associations; no verified current occupancy or vacancies. Counts are not allocation approvals.
NW_F_019,Nashik West,FREE,30,2,0,2,0,1,1,0,0,0,0,2,,,CANDIDATE_ASSOCIATIONS_ONLY,2024,2024 voter-list proposed associations; no verified current occupancy or vacancies. Counts are not allocation approvals.
NW_F_020,Nashik West,FREE,75,3,0,3,0,1,1,0,1,0,0,2,,,CANDIDATE_ASSOCIATIONS_ONLY,2024,2024 voter-list proposed associations; no verified current occupancy or vacancies. Counts are not allocation approvals.
NW_F_021,Nashik West,FREE,5,3,0,3,1,1,0,0,1,0,0,1,,,CANDIDATE_ASSOCIATIONS_ONLY,2024,2024 voter-list proposed associations; no verified current occupancy or vacancies. Counts are not allocation approvals.
NW_F_022,Nashik West,FREE,18,96,0,96,19,21,8,0,25,17,6,19,,,CANDIDATE_ASSOCIATIONS_ONLY,2024,2024 voter-list proposed associations; no verified current occupancy or vacancies. Counts are not allocation approvals.
NW_F_023,Nashik West,FREE,40,49,37,12,16,8,6,1,14,4,0,7,,,CANDIDATE_ASSOCIATIONS_ONLY,2024,2024 voter-list proposed associations; no verified current occupancy or vacancies. Counts are not allocation approvals.
NW_F_024,Nashik West,FREE,46,2,2,0,0,1,1,0,0,0,0,1,,,CANDIDATE_ASSOCIATIONS_ONLY,2024,2024 voter-list proposed associations; no verified current occupancy or vacancies. Counts are not allocation approvals.
NW_F_025,Nashik West,FREE,48,70,41,29,11,18,13,3,16,6,3,8,,,CANDIDATE_ASSOCIATIONS_ONLY,2024,2024 voter-list proposed associations; no verified current occupancy or vacancies. Counts are not allocation approvals.
NW_F_026,Nashik West,FREE,300,186,158,28,161,15,0,2,0,7,1,3,,,CANDIDATE_ASSOCIATIONS_ONLY,2024,2024 voter-list proposed associations; no verified current occupancy or vacancies. Counts are not allocation approvals.
NW_F_027,Nashik West,FREE,100,248,3,245,43,65,53,7,62,6,12,16,,,CANDIDATE_ASSOCIATIONS_ONLY,2024,2024 voter-list proposed associations; no verified current occupancy or vacancies. Counts are not allocation approvals.
NW_R_001,Nashik West,RESTRICTED,10,0,0,0,0,0,0,0,0,0,0,0,,,NO_PROPOSED_ASSOCIATIONS,2024,2024 voter-list proposed associations; no verified current occupancy or vacancies. Counts are not allocation approvals.
NW_R_002,Nashik West,RESTRICTED,5,2,0,2,2,0,0,0,0,0,0,1,,,CANDIDATE_ASSOCIATIONS_ONLY,2024,2024 voter-list proposed associations; no verified current occupancy or vacancies. Counts are not allocation approvals.
NW_R_003,Nashik West,RESTRICTED,5,0,0,0,0,0,0,0,0,0,0,0,,,NO_PROPOSED_ASSOCIATIONS,2024,2024 voter-list proposed associations; no verified current occupancy or vacancies. Counts are not allocation approvals.
NW_R_004,Nashik West,RESTRICTED,5,0,0,0,0,0,0,0,0,0,0,0,,,NO_PROPOSED_ASSOCIATIONS,2024,2024 voter-list proposed associations; no verified current occupancy or vacancies. Counts are not allocation approvals.
NW_R_005,Nashik West,RESTRICTED,10,0,0,0,0,0,0,0,0,0,0,0,,,NO_PROPOSED_ASSOCIATIONS,2024,2024 voter-list proposed associations; no verified current occupancy or vacancies. Counts are not allocation approvals.
NW_R_006,Nashik West,RESTRICTED,5,0,0,0,0,0,0,0,0,0,0,0,,,NO_PROPOSED_ASSOCIATIONS,2024,2024 voter-list proposed associations; no verified current occupancy or vacancies. Counts are not allocation approvals.
NW_R_007,Nashik West,RESTRICTED,5,0,0,0,0,0,0,0,0,0,0,0,,,NO_PROPOSED_ASSOCIATIONS,2024,2024 voter-list proposed associations; no verified current occupancy or vacancies. Counts are not allocation approvals.
NW_R_008,Nashik West,RESTRICTED,6,0,0,0,0,0,0,0,0,0,0,0,,,NO_PROPOSED_ASSOCIATIONS,2024,2024 voter-list proposed associations; no verified current occupancy or vacancies. Counts are not allocation approvals.
NW_R_009,Nashik West,RESTRICTED,10,0,0,0,0,0,0,0,0,0,0,0,,,NO_PROPOSED_ASSOCIATIONS,2024,2024 voter-list proposed associations; no verified current occupancy or vacancies. Counts are not allocation approvals.
NW_R_010,Nashik West,RESTRICTED,10,0,0,0,0,0,0,0,0,0,0,0,,,NO_PROPOSED_ASSOCIATIONS,2024,2024 voter-list proposed associations; no verified current occupancy or vacancies. Counts are not allocation approvals.
NW_R_011,Nashik West,RESTRICTED,5,0,0,0,0,0,0,0,0,0,0,0,,,NO_PROPOSED_ASSOCIATIONS,2024,2024 voter-list proposed associations; no verified current occupancy or vacancies. Counts are not allocation approvals.
NW_R_012,Nashik West,RESTRICTED,10,0,0,0,0,0,0,0,0,0,0,0,,,NO_PROPOSED_ASSOCIATIONS,2024,2024 voter-list proposed associations; no verified current occupancy or vacancies. Counts are not allocation approvals.
NW_R_013,Nashik West,RESTRICTED,15,0,0,0,0,0,0,0,0,0,0,0,,,NO_PROPOSED_ASSOCIATIONS,2024,2024 voter-list proposed associations; no verified current occupancy or vacancies. Counts are not allocation approvals.
NW_R_014,Nashik West,RESTRICTED,4,14,0,14,3,3,1,0,5,1,1,12,,,CANDIDATE_ASSOCIATIONS_ONLY,2024,2024 voter-list proposed associations; no verified current occupancy or vacancies. Counts are not allocation approvals.
NW_R_015,Nashik West,RESTRICTED,6,2,0,2,0,2,0,0,0,0,0,1,,,CANDIDATE_ASSOCIATIONS_ONLY,2024,2024 voter-list proposed associations; no verified current occupancy or vacancies. Counts are not allocation approvals.
NW_R_016,Nashik West,RESTRICTED,10,15,0,15,5,5,3,0,2,0,0,2,,,CANDIDATE_ASSOCIATIONS_ONLY,2024,2024 voter-list proposed associations; no verified current occupancy or vacancies. Counts are not allocation approvals.
NW_R_017,Nashik West,RESTRICTED,20,3,0,3,0,1,0,0,1,1,0,1,,,CANDIDATE_ASSOCIATIONS_ONLY,2024,2024 voter-list proposed associations; no verified current occupancy or vacancies. Counts are not allocation approvals.
NW_R_018,Nashik West,RESTRICTED,10,45,0,45,14,10,7,0,10,3,1,10,,,CANDIDATE_ASSOCIATIONS_ONLY,2024,2024 voter-list proposed associations; no verified current occupancy or vacancies. Counts are not allocation approvals.
NW_R_019,Nashik West,RESTRICTED,44,180,0,180,43,40,29,5,44,9,10,5,,,CANDIDATE_ASSOCIATIONS_ONLY,2024,2024 voter-list proposed associations; no verified current occupancy or vacancies. Counts are not allocation approvals.
PAN_F_001,Panchavati,FREE,40,29,25,4,14,7,0,0,6,2,0,4,,,CANDIDATE_ASSOCIATIONS_ONLY,2024,2024 voter-list proposed associations; no verified current occupancy or vacancies. Counts are not allocation approvals.
PAN_F_002,Panchavati,FREE,15,13,0,13,0,2,0,0,0,7,4,2,,,CANDIDATE_ASSOCIATIONS_ONLY,2024,2024 voter-list proposed associations; no verified current occupancy or vacancies. Counts are not allocation approvals.
PAN_F_003,Panchavati,FREE,40,1,0,1,0,0,0,0,0,1,0,1,,,CANDIDATE_ASSOCIATIONS_ONLY,2024,2024 voter-list proposed associations; no verified current occupancy or vacancies. Counts are not allocation approvals.
PAN_F_004,Panchavati,FREE,80,77,73,4,48,6,2,0,11,8,2,2,,,CANDIDATE_ASSOCIATIONS_ONLY,2024,2024 voter-list proposed associations; no verified current occupancy or vacancies. Counts are not allocation approvals.
PAN_F_005,Panchavati,FREE,50,0,0,0,0,0,0,0,0,0,0,0,,,NO_PROPOSED_ASSOCIATIONS,2024,2024 voter-list proposed associations; no verified current occupancy or vacancies. Counts are not allocation approvals.
PAN_F_006,Panchavati,FREE,15,5,3,2,1,2,0,0,2,0,0,2,,,CANDIDATE_ASSOCIATIONS_ONLY,2024,2024 voter-list proposed associations; no verified current occupancy or vacancies. Counts are not allocation approvals.
PAN_F_007,Panchavati,FREE,250,274,264,10,141,70,4,6,25,22,6,8,,,CANDIDATE_ASSOCIATIONS_ONLY,2024,2024 voter-list proposed associations; no verified current occupancy or vacancies. Counts are not allocation approvals.
PAN_F_008,Panchavati,FREE,250,3,0,3,1,1,0,0,0,1,0,2,,,CANDIDATE_ASSOCIATIONS_ONLY,2024,2024 voter-list proposed associations; no verified current occupancy or vacancies. Counts are not allocation approvals.
PAN_F_009,Panchavati,FREE,350,320,304,16,175,74,1,3,30,34,3,11,,,CANDIDATE_ASSOCIATIONS_ONLY,2024,2024 voter-list proposed associations; no verified current occupancy or vacancies. Counts are not allocation approvals.
PAN_F_010,Panchavati,FREE,300,53,51,2,42,3,1,2,4,1,0,2,,,CANDIDATE_ASSOCIATIONS_ONLY,2024,2024 voter-list proposed associations; no verified current occupancy or vacancies. Counts are not allocation approvals.
PAN_F_011,Panchavati,FREE,50,24,21,3,18,4,0,1,1,0,0,5,,,CANDIDATE_ASSOCIATIONS_ONLY,2024,2024 voter-list proposed associations; no verified current occupancy or vacancies. Counts are not allocation approvals.
PAN_F_012,Panchavati,FREE,40,1,0,1,1,0,0,0,0,0,0,1,,,CANDIDATE_ASSOCIATIONS_ONLY,2024,2024 voter-list proposed associations; no verified current occupancy or vacancies. Counts are not allocation approvals.
PAN_F_013,Panchavati,FREE,150,17,3,14,1,11,0,0,1,4,0,5,,,CANDIDATE_ASSOCIATIONS_ONLY,2024,2024 voter-list proposed associations; no verified current occupancy or vacancies. Counts are not allocation approvals.
PAN_F_014,Panchavati,FREE,7,0,0,0,0,0,0,0,0,0,0,0,,,NO_PROPOSED_ASSOCIATIONS,2024,2024 voter-list proposed associations; no verified current occupancy or vacancies. Counts are not allocation approvals.
PAN_F_015,Panchavati,FREE,400,0,0,0,0,0,0,0,0,0,0,0,,,NO_PROPOSED_ASSOCIATIONS,2024,2024 voter-list proposed associations; no verified current occupancy or vacancies. Counts are not allocation approvals.
PAN_F_016,Panchavati,FREE,50,21,2,19,5,14,0,0,1,1,0,5,,,CANDIDATE_ASSOCIATIONS_ONLY,2024,2024 voter-list proposed associations; no verified current occupancy or vacancies. Counts are not allocation approvals.
PAN_F_017,Panchavati,FREE,10,0,0,0,0,0,0,0,0,0,0,0,,,NO_PROPOSED_ASSOCIATIONS,2024,2024 voter-list proposed associations; no verified current occupancy or vacancies. Counts are not allocation approvals.
PAN_F_018,Panchavati,FREE,10,15,0,15,1,8,0,1,4,1,0,2,,,CANDIDATE_ASSOCIATIONS_ONLY,2024,2024 voter-list proposed associations; no verified current occupancy or vacancies. Counts are not allocation approvals.
PAN_F_019,Panchavati,FREE,10,0,0,0,0,0,0,0,0,0,0,0,,,NO_PROPOSED_ASSOCIATIONS,2024,2024 voter-list proposed associations; no verified current occupancy or vacancies. Counts are not allocation approvals.
PAN_F_020,Panchavati,FREE,10,6,6,0,1,3,0,0,1,1,0,1,,,CANDIDATE_ASSOCIATIONS_ONLY,2024,2024 voter-list proposed associations; no verified current occupancy or vacancies. Counts are not allocation approvals.
PAN_F_021,Panchavati,FREE,30,34,27,7,11,11,0,2,4,4,2,6,,,CANDIDATE_ASSOCIATIONS_ONLY,2024,2024 voter-list proposed associations; no verified current occupancy or vacancies. Counts are not allocation approvals.
PAN_F_022,Panchavati,FREE,5,0,0,0,0,0,0,0,0,0,0,0,,,NO_PROPOSED_ASSOCIATIONS,2024,2024 voter-list proposed associations; no verified current occupancy or vacancies. Counts are not allocation approvals.
PAN_F_023,Panchavati,FREE,7,0,0,0,0,0,0,0,0,0,0,0,,,NO_PROPOSED_ASSOCIATIONS,2024,2024 voter-list proposed associations; no verified current occupancy or vacancies. Counts are not allocation approvals.
PAN_F_024,Panchavati,FREE,10,0,0,0,0,0,0,0,0,0,0,0,,,NO_PROPOSED_ASSOCIATIONS,2024,2024 voter-list proposed associations; no verified current occupancy or vacancies. Counts are not allocation approvals.
PAN_F_025,Panchavati,FREE,50,0,0,0,0,0,0,0,0,0,0,0,,,NO_PROPOSED_ASSOCIATIONS,2024,2024 voter-list proposed associations; no verified current occupancy or vacancies. Counts are not allocation approvals.
PAN_F_026,Panchavati,FREE,10,8,0,8,3,5,0,0,0,0,0,3,,,CANDIDATE_ASSOCIATIONS_ONLY,2024,2024 voter-list proposed associations; no verified current occupancy or vacancies. Counts are not allocation approvals.
PAN_F_027,Panchavati,FREE,19,17,0,17,4,3,0,3,3,2,2,3,,,CANDIDATE_ASSOCIATIONS_ONLY,2024,2024 voter-list proposed associations; no verified current occupancy or vacancies. Counts are not allocation approvals.
PAN_F_028,Panchavati,FREE,15,12,12,0,2,3,0,0,4,3,0,2,,,CANDIDATE_ASSOCIATIONS_ONLY,2024,2024 voter-list proposed associations; no verified current occupancy or vacancies. Counts are not allocation approvals.
PAN_F_029,Panchavati,FREE,30,42,27,15,12,14,0,0,5,10,1,5,,,CANDIDATE_ASSOCIATIONS_ONLY,2024,2024 voter-list proposed associations; no verified current occupancy or vacancies. Counts are not allocation approvals.
PAN_F_030,Panchavati,FREE,20,11,10,1,3,3,0,0,0,4,1,2,,,CANDIDATE_ASSOCIATIONS_ONLY,2024,2024 voter-list proposed associations; no verified current occupancy or vacancies. Counts are not allocation approvals.
PAN_F_031,Panchavati,FREE,30,30,23,7,10,0,8,0,7,3,2,6,,,CANDIDATE_ASSOCIATIONS_ONLY,2024,2024 voter-list proposed associations; no verified current occupancy or vacancies. Counts are not allocation approvals.
PAN_F_032,Panchavati,FREE,20,0,0,0,0,0,0,0,0,0,0,0,,,NO_PROPOSED_ASSOCIATIONS,2024,2024 voter-list proposed associations; no verified current occupancy or vacancies. Counts are not allocation approvals.
PAN_F_033,Panchavati,FREE,20,0,0,0,0,0,0,0,0,0,0,0,,,NO_PROPOSED_ASSOCIATIONS,2024,2024 voter-list proposed associations; no verified current occupancy or vacancies. Counts are not allocation approvals.
PAN_F_034,Panchavati,FREE,10,7,0,7,0,5,0,0,0,1,1,2,,,CANDIDATE_ASSOCIATIONS_ONLY,2024,2024 voter-list proposed associations; no verified current occupancy or vacancies. Counts are not allocation approvals.
PAN_F_035,Panchavati,FREE,15,1,0,1,0,1,0,0,0,0,0,1,,,CANDIDATE_ASSOCIATIONS_ONLY,2024,2024 voter-list proposed associations; no verified current occupancy or vacancies. Counts are not allocation approvals.
PAN_F_036,Panchavati,FREE,385,101,98,3,23,44,2,4,11,15,2,3,,,CANDIDATE_ASSOCIATIONS_ONLY,2024,2024 voter-list proposed associations; no verified current occupancy or vacancies. Counts are not allocation approvals.
PAN_F_037,Panchavati,FREE,100,33,29,4,7,13,0,0,2,10,1,4,,,CANDIDATE_ASSOCIATIONS_ONLY,2024,2024 voter-list proposed associations; no verified current occupancy or vacancies. Counts are not allocation approvals.
PAN_F_038,Panchavati,FREE,40,17,0,17,4,9,0,0,2,2,0,6,,,CANDIDATE_ASSOCIATIONS_ONLY,2024,2024 voter-list proposed associations; no verified current occupancy or vacancies. Counts are not allocation approvals.
PAN_R_001,Panchavati,RESTRICTED,30,3,0,3,2,1,0,0,0,0,0,2,,,CANDIDATE_ASSOCIATIONS_ONLY,2024,2024 voter-list proposed associations; no verified current occupancy or vacancies. Counts are not allocation approvals.
PAN_R_002,Panchavati,RESTRICTED,30,39,32,7,24,10,1,1,3,0,0,4,,,CANDIDATE_ASSOCIATIONS_ONLY,2024,2024 voter-list proposed associations; no verified current occupancy or vacancies. Counts are not allocation approvals.
PAN_R_003,Panchavati,RESTRICTED,50,6,4,2,1,3,1,0,1,0,0,3,,,CANDIDATE_ASSOCIATIONS_ONLY,2024,2024 voter-list proposed associations; no verified current occupancy or vacancies. Counts are not allocation approvals.
PAN_R_004,Panchavati,RESTRICTED,15,12,0,12,1,7,0,1,1,2,0,1,,,CANDIDATE_ASSOCIATIONS_ONLY,2024,2024 voter-list proposed associations; no verified current occupancy or vacancies. Counts are not allocation approvals.
PAN_R_005,Panchavati,RESTRICTED,550,430,402,28,78,71,54,4,95,124,4,10,,,CANDIDATE_ASSOCIATIONS_ONLY,2024,2024 voter-list proposed associations; no verified current occupancy or vacancies. Counts are not allocation approvals.
PAN_R_006,Panchavati,RESTRICTED,120,3,0,3,0,2,0,0,1,0,0,3,,,CANDIDATE_ASSOCIATIONS_ONLY,2024,2024 voter-list proposed associations; no verified current occupancy or vacancies. Counts are not allocation approvals.
PAN_R_007,Panchavati,RESTRICTED,700,53,53,0,5,20,24,0,2,2,0,1,,,CANDIDATE_ASSOCIATIONS_ONLY,2024,2024 voter-list proposed associations; no verified current occupancy or vacancies. Counts are not allocation approvals.
PAN_R_008,Panchavati,RESTRICTED,7,3,0,3,2,1,0,0,0,0,0,2,,,CANDIDATE_ASSOCIATIONS_ONLY,2024,2024 voter-list proposed associations; no verified current occupancy or vacancies. Counts are not allocation approvals.
PAN_R_009,Panchavati,RESTRICTED,13,12,10,2,2,9,0,0,0,1,0,2,,,CANDIDATE_ASSOCIATIONS_ONLY,2024,2024 voter-list proposed associations; no verified current occupancy or vacancies. Counts are not allocation approvals.
PAN_R_010,Panchavati,RESTRICTED,6,1,0,1,1,0,0,0,0,0,0,1,,,CANDIDATE_ASSOCIATIONS_ONLY,2024,2024 voter-list proposed associations; no verified current occupancy or vacancies. Counts are not allocation approvals.
PAN_R_011,Panchavati,RESTRICTED,10,5,0,5,0,1,0,0,0,4,0,1,,,CANDIDATE_ASSOCIATIONS_ONLY,2024,2024 voter-list proposed associations; no verified current occupancy or vacancies. Counts are not allocation approvals.
PAN_R_012,Panchavati,RESTRICTED,50,10,0,10,3,5,0,0,2,0,0,1,,,CANDIDATE_ASSOCIATIONS_ONLY,2024,2024 voter-list proposed associations; no verified current occupancy or vacancies. Counts are not allocation approvals.
NR_F_001,Nashik Road,FREE,150,95,91,4,63,16,4,1,6,0,5,2,,,CANDIDATE_ASSOCIATIONS_ONLY,2024,2024 voter-list proposed associations; no verified current occupancy or vacancies. Counts are not allocation approvals.
NR_F_002,Nashik Road,FREE,35,0,0,0,0,0,0,0,0,0,0,0,,,NO_PROPOSED_ASSOCIATIONS,2024,2024 voter-list proposed associations; no verified current occupancy or vacancies. Counts are not allocation approvals.
NR_F_003,Nashik Road,FREE,30,0,0,0,0,0,0,0,0,0,0,0,,,NO_PROPOSED_ASSOCIATIONS,2024,2024 voter-list proposed associations; no verified current occupancy or vacancies. Counts are not allocation approvals.
NR_F_004,Nashik Road,FREE,5,0,0,0,0,0,0,0,0,0,0,0,,,NO_PROPOSED_ASSOCIATIONS,2024,2024 voter-list proposed associations; no verified current occupancy or vacancies. Counts are not allocation approvals.
NR_F_005,Nashik Road,FREE,80,0,0,0,0,0,0,0,0,0,0,0,,,NO_PROPOSED_ASSOCIATIONS,2024,2024 voter-list proposed associations; no verified current occupancy or vacancies. Counts are not allocation approvals.
NR_F_006,Nashik Road,FREE,20,1,0,1,0,1,0,0,0,0,0,1,,,CANDIDATE_ASSOCIATIONS_ONLY,2024,2024 voter-list proposed associations; no verified current occupancy or vacancies. Counts are not allocation approvals.
NR_F_007,Nashik Road,FREE,250,0,0,0,0,0,0,0,0,0,0,0,,,NO_PROPOSED_ASSOCIATIONS,2024,2024 voter-list proposed associations; no verified current occupancy or vacancies. Counts are not allocation approvals.
NR_F_008,Nashik Road,FREE,50,23,0,23,10,10,0,0,0,2,1,2,,,CANDIDATE_ASSOCIATIONS_ONLY,2024,2024 voter-list proposed associations; no verified current occupancy or vacancies. Counts are not allocation approvals.
NR_F_009,Nashik Road,FREE,50,46,43,3,14,25,0,1,2,4,0,2,,,CANDIDATE_ASSOCIATIONS_ONLY,2024,2024 voter-list proposed associations; no verified current occupancy or vacancies. Counts are not allocation approvals.
NR_F_010,Nashik Road,FREE,250,176,172,4,144,20,1,0,8,2,1,3,,,CANDIDATE_ASSOCIATIONS_ONLY,2024,2024 voter-list proposed associations; no verified current occupancy or vacancies. Counts are not allocation approvals.
NR_F_011,Nashik Road,FREE,30,7,7,0,7,0,0,0,0,0,0,1,,,CANDIDATE_ASSOCIATIONS_ONLY,2024,2024 voter-list proposed associations; no verified current occupancy or vacancies. Counts are not allocation approvals.
NR_F_012,Nashik Road,FREE,30,0,0,0,0,0,0,0,0,0,0,0,,,NO_PROPOSED_ASSOCIATIONS,2024,2024 voter-list proposed associations; no verified current occupancy or vacancies. Counts are not allocation approvals.
NR_F_013,Nashik Road,FREE,50,2,0,2,2,0,0,0,0,0,0,1,,,CANDIDATE_ASSOCIATIONS_ONLY,2024,2024 voter-list proposed associations; no verified current occupancy or vacancies. Counts are not allocation approvals.
NR_F_014,Nashik Road,FREE,35,17,15,2,0,10,0,1,5,1,0,2,,,CANDIDATE_ASSOCIATIONS_ONLY,2024,2024 voter-list proposed associations; no verified current occupancy or vacancies. Counts are not allocation approvals.
NR_F_015,Nashik Road,FREE,100,0,0,0,0,0,0,0,0,0,0,0,,,NO_PROPOSED_ASSOCIATIONS,2024,2024 voter-list proposed associations; no verified current occupancy or vacancies. Counts are not allocation approvals.
NR_F_016,Nashik Road,FREE,200,6,0,6,6,0,0,0,0,0,0,4,,,CANDIDATE_ASSOCIATIONS_ONLY,2024,2024 voter-list proposed associations; no verified current occupancy or vacancies. Counts are not allocation approvals.
NR_F_017,Nashik Road,FREE,50,36,34,2,7,16,0,0,5,6,2,3,,,CANDIDATE_ASSOCIATIONS_ONLY,2024,2024 voter-list proposed associations; no verified current occupancy or vacancies. Counts are not allocation approvals.
NR_F_018,Nashik Road,FREE,300,135,135,0,72,28,17,0,15,2,1,1,,,CANDIDATE_ASSOCIATIONS_ONLY,2024,2024 voter-list proposed associations; no verified current occupancy or vacancies. Counts are not allocation approvals.
NR_F_019,Nashik Road,FREE,30,49,38,11,45,2,0,0,0,2,0,3,,,CANDIDATE_ASSOCIATIONS_ONLY,2024,2024 voter-list proposed associations; no verified current occupancy or vacancies. Counts are not allocation approvals.
NR_F_020,Nashik Road,FREE,100,103,85,18,12,13,25,2,25,26,0,4,,,CANDIDATE_ASSOCIATIONS_ONLY,2024,2024 voter-list proposed associations; no verified current occupancy or vacancies. Counts are not allocation approvals.
NR_F_021,Nashik Road,FREE,106,63,63,0,15,5,1,8,10,23,1,1,,,CANDIDATE_ASSOCIATIONS_ONLY,2024,2024 voter-list proposed associations; no verified current occupancy or vacancies. Counts are not allocation approvals.
NR_F_022,Nashik Road,FREE,50,2,0,2,0,0,0,0,0,2,0,1,,,CANDIDATE_ASSOCIATIONS_ONLY,2024,2024 voter-list proposed associations; no verified current occupancy or vacancies. Counts are not allocation approvals.
NR_F_023,Nashik Road,FREE,300,0,0,0,0,0,0,0,0,0,0,0,,,NO_PROPOSED_ASSOCIATIONS,2024,2024 voter-list proposed associations; no verified current occupancy or vacancies. Counts are not allocation approvals.
NR_F_024,Nashik Road,FREE,60,0,0,0,0,0,0,0,0,0,0,0,,,NO_PROPOSED_ASSOCIATIONS,2024,2024 voter-list proposed associations; no verified current occupancy or vacancies. Counts are not allocation approvals.
NR_F_025,Nashik Road,FREE,10,0,0,0,0,0,0,0,0,0,0,0,,,NO_PROPOSED_ASSOCIATIONS,2024,2024 voter-list proposed associations; no verified current occupancy or vacancies. Counts are not allocation approvals.
NR_F_026,Nashik Road,FREE,60,0,0,0,0,0,0,0,0,0,0,0,,,NO_PROPOSED_ASSOCIATIONS,2024,2024 voter-list proposed associations; no verified current occupancy or vacancies. Counts are not allocation approvals.
NR_F_027,Nashik Road,FREE,100,0,0,0,0,0,0,0,0,0,0,0,,,NO_PROPOSED_ASSOCIATIONS,2024,2024 voter-list proposed associations; no verified current occupancy or vacancies. Counts are not allocation approvals.
NR_F_028,Nashik Road,FREE,50,0,0,0,0,0,0,0,0,0,0,0,,,NO_PROPOSED_ASSOCIATIONS,2024,2024 voter-list proposed associations; no verified current occupancy or vacancies. Counts are not allocation approvals.
NR_F_029,Nashik Road,FREE,300,14,14,0,4,7,1,0,0,2,0,1,,,CANDIDATE_ASSOCIATIONS_ONLY,2024,2024 voter-list proposed associations; no verified current occupancy or vacancies. Counts are not allocation approvals.
NR_F_030,Nashik Road,FREE,60,7,0,7,3,0,0,0,1,3,0,2,,,CANDIDATE_ASSOCIATIONS_ONLY,2024,2024 voter-list proposed associations; no verified current occupancy or vacancies. Counts are not allocation approvals.
NR_F_031,Nashik Road,FREE,200,0,0,0,0,0,0,0,0,0,0,0,,,NO_PROPOSED_ASSOCIATIONS,2024,2024 voter-list proposed associations; no verified current occupancy or vacancies. Counts are not allocation approvals.
NR_F_032,Nashik Road,FREE,30,2,0,2,0,0,0,0,0,2,0,1,,,CANDIDATE_ASSOCIATIONS_ONLY,2024,2024 voter-list proposed associations; no verified current occupancy or vacancies. Counts are not allocation approvals.
NR_F_033,Nashik Road,FREE,15,1,0,1,0,1,0,0,0,0,0,1,,,CANDIDATE_ASSOCIATIONS_ONLY,2024,2024 voter-list proposed associations; no verified current occupancy or vacancies. Counts are not allocation approvals.
NR_F_034,Nashik Road,FREE,200,26,26,0,9,12,1,0,1,3,0,1,,,CANDIDATE_ASSOCIATIONS_ONLY,2024,2024 voter-list proposed associations; no verified current occupancy or vacancies. Counts are not allocation approvals.
NR_F_035,Nashik Road,FREE,100,20,0,20,0,0,0,0,0,20,0,1,,,CANDIDATE_ASSOCIATIONS_ONLY,2024,2024 voter-list proposed associations; no verified current occupancy or vacancies. Counts are not allocation approvals.
NR_F_036,Nashik Road,FREE,300,0,0,0,0,0,0,0,0,0,0,0,,,NO_PROPOSED_ASSOCIATIONS,2024,2024 voter-list proposed associations; no verified current occupancy or vacancies. Counts are not allocation approvals.
NR_F_037,Nashik Road,FREE,30,2,0,2,0,0,0,0,0,0,2,1,,,CANDIDATE_ASSOCIATIONS_ONLY,2024,2024 voter-list proposed associations; no verified current occupancy or vacancies. Counts are not allocation approvals.
NR_F_038,Nashik Road,FREE,20,3,0,3,1,1,0,0,0,1,0,2,,,CANDIDATE_ASSOCIATIONS_ONLY,2024,2024 voter-list proposed associations; no verified current occupancy or vacancies. Counts are not allocation approvals.
NR_F_039,Nashik Road,FREE,80,0,0,0,0,0,0,0,0,0,0,0,,,NO_PROPOSED_ASSOCIATIONS,2024,2024 voter-list proposed associations; no verified current occupancy or vacancies. Counts are not allocation approvals.
NR_F_040,Nashik Road,FREE,50,0,0,0,0,0,0,0,0,0,0,0,,,NO_PROPOSED_ASSOCIATIONS,2024,2024 voter-list proposed associations; no verified current occupancy or vacancies. Counts are not allocation approvals.
NR_F_041,Nashik Road,FREE,10,0,0,0,0,0,0,0,0,0,0,0,,,NO_PROPOSED_ASSOCIATIONS,2024,2024 voter-list proposed associations; no verified current occupancy or vacancies. Counts are not allocation approvals.
NR_F_042,Nashik Road,FREE,30,0,0,0,0,0,0,0,0,0,0,0,,,NO_PROPOSED_ASSOCIATIONS,2024,2024 voter-list proposed associations; no verified current occupancy or vacancies. Counts are not allocation approvals.
NR_F_043,Nashik Road,FREE,17,1,0,1,1,0,0,0,0,0,0,1,,,CANDIDATE_ASSOCIATIONS_ONLY,2024,2024 voter-list proposed associations; no verified current occupancy or vacancies. Counts are not allocation approvals.
NR_F_044,Nashik Road,FREE,60,6,0,6,6,0,0,0,0,0,0,4,,,CANDIDATE_ASSOCIATIONS_ONLY,2024,2024 voter-list proposed associations; no verified current occupancy or vacancies. Counts are not allocation approvals.
NR_R_001,Nashik Road,RESTRICTED,50,4,0,4,0,0,0,0,0,0,4,1,,,CANDIDATE_ASSOCIATIONS_ONLY,2024,2024 voter-list proposed associations; no verified current occupancy or vacancies. Counts are not allocation approvals.
NR_R_002,Nashik Road,RESTRICTED,50,0,0,0,0,0,0,0,0,0,0,0,,,NO_PROPOSED_ASSOCIATIONS,2024,2024 voter-list proposed associations; no verified current occupancy or vacancies. Counts are not allocation approvals.
NR_R_003,Nashik Road,RESTRICTED,25,1,0,1,0,1,0,0,0,0,0,1,,,CANDIDATE_ASSOCIATIONS_ONLY,2024,2024 voter-list proposed associations; no verified current occupancy or vacancies. Counts are not allocation approvals.
NR_R_004,Nashik Road,RESTRICTED,50,6,0,6,2,3,0,0,1,0,0,4,,,CANDIDATE_ASSOCIATIONS_ONLY,2024,2024 voter-list proposed associations; no verified current occupancy or vacancies. Counts are not allocation approvals.
NR_R_005,Nashik Road,RESTRICTED,100,0,0,0,0,0,0,0,0,0,0,0,,,NO_PROPOSED_ASSOCIATIONS,2024,2024 voter-list proposed associations; no verified current occupancy or vacancies. Counts are not allocation approvals.
NR_R_006,Nashik Road,RESTRICTED,25,0,0,0,0,0,0,0,0,0,0,0,,,NO_PROPOSED_ASSOCIATIONS,2024,2024 voter-list proposed associations; no verified current occupancy or vacancies. Counts are not allocation approvals.
NR_R_007,Nashik Road,RESTRICTED,20,0,0,0,0,0,0,0,0,0,0,0,,,NO_PROPOSED_ASSOCIATIONS,2024,2024 voter-list proposed associations; no verified current occupancy or vacancies. Counts are not allocation approvals.
NR_R_008,Nashik Road,RESTRICTED,50,50,0,50,28,12,0,1,4,5,0,22,,,CANDIDATE_ASSOCIATIONS_ONLY,2024,2024 voter-list proposed associations; no verified current occupancy or vacancies. Counts are not allocation approvals.
NN_F_001,New Nashik,FREE,100,2,0,2,0,0,0,1,1,0,0,1,,,CANDIDATE_ASSOCIATIONS_ONLY,2024,2024 voter-list proposed associations; no verified current occupancy or vacancies. Counts are not allocation approvals.
NN_F_002,New Nashik,FREE,90,22,22,0,8,7,0,1,3,3,0,1,,,CANDIDATE_ASSOCIATIONS_ONLY,2024,2024 voter-list proposed associations; no verified current occupancy or vacancies. Counts are not allocation approvals.
NN_F_003,New Nashik,FREE,10,9,0,9,0,0,0,7,2,0,0,2,,,CANDIDATE_ASSOCIATIONS_ONLY,2024,2024 voter-list proposed associations; no verified current occupancy or vacancies. Counts are not allocation approvals.
NN_F_004,New Nashik,FREE,20,6,6,0,1,3,0,0,2,0,0,1,,,CANDIDATE_ASSOCIATIONS_ONLY,2024,2024 voter-list proposed associations; no verified current occupancy or vacancies. Counts are not allocation approvals.
NN_F_005,New Nashik,FREE,20,1,0,1,0,1,0,0,0,0,0,1,,,CANDIDATE_ASSOCIATIONS_ONLY,2024,2024 voter-list proposed associations; no verified current occupancy or vacancies. Counts are not allocation approvals.
NN_F_006,New Nashik,FREE,10,0,0,0,0,0,0,0,0,0,0,0,,,NO_PROPOSED_ASSOCIATIONS,2024,2024 voter-list proposed associations; no verified current occupancy or vacancies. Counts are not allocation approvals.
NN_F_007,New Nashik,FREE,10,0,0,0,0,0,0,0,0,0,0,0,,,NO_PROPOSED_ASSOCIATIONS,2024,2024 voter-list proposed associations; no verified current occupancy or vacancies. Counts are not allocation approvals.
NN_F_008,New Nashik,FREE,12,0,0,0,0,0,0,0,0,0,0,0,,,NO_PROPOSED_ASSOCIATIONS,2024,2024 voter-list proposed associations; no verified current occupancy or vacancies. Counts are not allocation approvals.
NN_F_009,New Nashik,FREE,30,0,0,0,0,0,0,0,0,0,0,0,,,NO_PROPOSED_ASSOCIATIONS,2024,2024 voter-list proposed associations; no verified current occupancy or vacancies. Counts are not allocation approvals.
NN_F_010,New Nashik,FREE,20,0,0,0,0,0,0,0,0,0,0,0,,,NO_PROPOSED_ASSOCIATIONS,2024,2024 voter-list proposed associations; no verified current occupancy or vacancies. Counts are not allocation approvals.
NN_F_011,New Nashik,FREE,50,28,27,1,1,19,0,0,3,5,0,2,,,CANDIDATE_ASSOCIATIONS_ONLY,2024,2024 voter-list proposed associations; no verified current occupancy or vacancies. Counts are not allocation approvals.
NN_F_012,New Nashik,FREE,10,5,0,5,2,2,1,0,0,0,0,3,,,CANDIDATE_ASSOCIATIONS_ONLY,2024,2024 voter-list proposed associations; no verified current occupancy or vacancies. Counts are not allocation approvals.
NN_F_013,New Nashik,FREE,10,0,0,0,0,0,0,0,0,0,0,0,,,NO_PROPOSED_ASSOCIATIONS,2024,2024 voter-list proposed associations; no verified current occupancy or vacancies. Counts are not allocation approvals.
NN_F_014,New Nashik,FREE,100,0,0,0,0,0,0,0,0,0,0,0,,,NO_PROPOSED_ASSOCIATIONS,2024,2024 voter-list proposed associations; no verified current occupancy or vacancies. Counts are not allocation approvals.
NN_F_015,New Nashik,FREE,150,175,100,75,116,21,1,1,23,11,2,13,,,CANDIDATE_ASSOCIATIONS_ONLY,2024,2024 voter-list proposed associations; no verified current occupancy or vacancies. Counts are not allocation approvals.
NN_F_016,New Nashik,FREE,60,0,0,0,0,0,0,0,0,0,0,0,,,NO_PROPOSED_ASSOCIATIONS,2024,2024 voter-list proposed associations; no verified current occupancy or vacancies. Counts are not allocation approvals.
NN_R_001,New Nashik,RESTRICTED,50,168,165,3,124,13,7,2,18,2,2,4,,,CANDIDATE_ASSOCIATIONS_ONLY,2024,2024 voter-list proposed associations; no verified current occupancy or vacancies. Counts are not allocation approvals.
NN_R_002,New Nashik,RESTRICTED,80,16,0,16,11,5,0,0,0,0,0,3,,,CANDIDATE_ASSOCIATIONS_ONLY,2024,2024 voter-list proposed associations; no verified current occupancy or vacancies. Counts are not allocation approvals.
NN_R_003,New Nashik,RESTRICTED,140,23,3,20,21,0,0,0,1,1,0,4,,,CANDIDATE_ASSOCIATIONS_ONLY,2024,2024 voter-list proposed associations; no verified current occupancy or vacancies. Counts are not allocation approvals.
NN_R_004,New Nashik,RESTRICTED,90,0,0,0,0,0,0,0,0,0,0,0,,,NO_PROPOSED_ASSOCIATIONS,2024,2024 voter-list proposed associations; no verified current occupancy or vacancies. Counts are not allocation approvals.
NN_R_005,New Nashik,RESTRICTED,200,122,117,5,69,13,2,0,20,15,3,3,,,CANDIDATE_ASSOCIATIONS_ONLY,2024,2024 voter-list proposed associations; no verified current occupancy or vacancies. Counts are not allocation approvals.
NN_R_006,New Nashik,RESTRICTED,60,0,0,0,0,0,0,0,0,0,0,0,,,NO_PROPOSED_ASSOCIATIONS,2024,2024 voter-list proposed associations; no verified current occupancy or vacancies. Counts are not allocation approvals.
NN_R_007,New Nashik,RESTRICTED,10,2,0,2,1,0,0,0,0,1,0,1,,,CANDIDATE_ASSOCIATIONS_ONLY,2024,2024 voter-list proposed associations; no verified current occupancy or vacancies. Counts are not allocation approvals.
NN_R_008,New Nashik,RESTRICTED,50,4,0,4,1,0,1,0,1,1,0,1,,,CANDIDATE_ASSOCIATIONS_ONLY,2024,2024 voter-list proposed associations; no verified current occupancy or vacancies. Counts are not allocation approvals.
NN_R_009,New Nashik,RESTRICTED,20,0,0,0,0,0,0,0,0,0,0,0,,,NO_PROPOSED_ASSOCIATIONS,2024,2024 voter-list proposed associations; no verified current occupancy or vacancies. Counts are not allocation approvals.
NN_R_010,New Nashik,RESTRICTED,30,0,0,0,0,0,0,0,0,0,0,0,,,NO_PROPOSED_ASSOCIATIONS,2024,2024 voter-list proposed associations; no verified current occupancy or vacancies. Counts are not allocation approvals.
NN_R_011,New Nashik,RESTRICTED,20,1,0,1,1,0,0,0,0,0,0,1,,,CANDIDATE_ASSOCIATIONS_ONLY,2024,2024 voter-list proposed associations; no verified current occupancy or vacancies. Counts are not allocation approvals.
NN_R_012,New Nashik,RESTRICTED,10,74,0,74,38,18,3,1,10,4,0,4,,,CANDIDATE_ASSOCIATIONS_ONLY,2024,2024 voter-list proposed associations; no verified current occupancy or vacancies. Counts are not allocation approvals.
NN_R_013,New Nashik,RESTRICTED,20,1,0,1,0,1,0,0,0,0,0,1,,,CANDIDATE_ASSOCIATIONS_ONLY,2024,2024 voter-list proposed associations; no verified current occupancy or vacancies. Counts are not allocation approvals.
NN_R_014,New Nashik,RESTRICTED,10,40,31,9,5,13,11,4,5,1,1,4,,,CANDIDATE_ASSOCIATIONS_ONLY,2024,2024 voter-list proposed associations; no verified current occupancy or vacancies. Counts are not allocation approvals.
NN_R_015,New Nashik,RESTRICTED,225,95,77,18,75,14,0,0,4,2,0,7,,,CANDIDATE_ASSOCIATIONS_ONLY,2024,2024 voter-list proposed associations; no verified current occupancy or vacancies. Counts are not allocation approvals.
SAT_F_001,Satpur,FREE,200,76,76,0,24,20,8,0,15,7,2,1,,,CANDIDATE_ASSOCIATIONS_ONLY,2024,2024 voter-list proposed associations; no verified current occupancy or vacancies. Counts are not allocation approvals.
SAT_F_002,Satpur,FREE,17,0,0,0,0,0,0,0,0,0,0,0,,,NO_PROPOSED_ASSOCIATIONS,2024,2024 voter-list proposed associations; no verified current occupancy or vacancies. Counts are not allocation approvals.
SAT_F_003,Satpur,FREE,20,22,22,0,3,11,0,0,4,4,0,1,,,CANDIDATE_ASSOCIATIONS_ONLY,2024,2024 voter-list proposed associations; no verified current occupancy or vacancies. Counts are not allocation approvals.
SAT_F_004,Satpur,FREE,190,261,257,4,253,4,1,0,2,0,1,3,,,CANDIDATE_ASSOCIATIONS_ONLY,2024,2024 voter-list proposed associations; no verified current occupancy or vacancies. Counts are not allocation approvals.
SAT_F_005,Satpur,FREE,248,189,181,8,52,50,19,0,30,36,2,6,,,CANDIDATE_ASSOCIATIONS_ONLY,2024,2024 voter-list proposed associations; no verified current occupancy or vacancies. Counts are not allocation approvals.
SAT_F_006,Satpur,FREE,68,139,138,1,84,30,4,0,15,6,0,2,,,CANDIDATE_ASSOCIATIONS_ONLY,2024,2024 voter-list proposed associations; no verified current occupancy or vacancies. Counts are not allocation approvals.
SAT_F_007,Satpur,FREE,60,48,48,0,25,13,0,0,4,6,0,1,,,CANDIDATE_ASSOCIATIONS_ONLY,2024,2024 voter-list proposed associations; no verified current occupancy or vacancies. Counts are not allocation approvals.
SAT_F_008,Satpur,FREE,36,0,0,0,0,0,0,0,0,0,0,0,,,NO_PROPOSED_ASSOCIATIONS,2024,2024 voter-list proposed associations; no verified current occupancy or vacancies. Counts are not allocation approvals.
SAT_F_009,Satpur,FREE,180,33,32,1,8,13,0,0,7,5,0,2,,,CANDIDATE_ASSOCIATIONS_ONLY,2024,2024 voter-list proposed associations; no verified current occupancy or vacancies. Counts are not allocation approvals.
SAT_F_010,Satpur,FREE,40,20,19,1,3,13,0,0,2,1,1,2,,,CANDIDATE_ASSOCIATIONS_ONLY,2024,2024 voter-list proposed associations; no verified current occupancy or vacancies. Counts are not allocation approvals.
SAT_F_011,Satpur,FREE,204,128,128,0,80,24,1,2,11,10,0,1,,,CANDIDATE_ASSOCIATIONS_ONLY,2024,2024 voter-list proposed associations; no verified current occupancy or vacancies. Counts are not allocation approvals.
SAT_F_012,Satpur,FREE,261,29,28,1,19,4,0,0,3,3,0,2,,,CANDIDATE_ASSOCIATIONS_ONLY,2024,2024 voter-list proposed associations; no verified current occupancy or vacancies. Counts are not allocation approvals.
SAT_F_013,Satpur,FREE,306,102,97,5,52,32,2,0,11,5,0,4,,,CANDIDATE_ASSOCIATIONS_ONLY,2024,2024 voter-list proposed associations; no verified current occupancy or vacancies. Counts are not allocation approvals.
SAT_F_014,Satpur,FREE,35,26,24,2,21,2,0,0,1,2,0,3,,,CANDIDATE_ASSOCIATIONS_ONLY,2024,2024 voter-list proposed associations; no verified current occupancy or vacancies. Counts are not allocation approvals.
SAT_F_015,Satpur,FREE,15,5,0,5,1,3,0,0,0,1,0,1,,,CANDIDATE_ASSOCIATIONS_ONLY,2024,2024 voter-list proposed associations; no verified current occupancy or vacancies. Counts are not allocation approvals.
SAT_F_016,Satpur,FREE,90,97,83,14,45,34,0,0,9,8,1,5,,,CANDIDATE_ASSOCIATIONS_ONLY,2024,2024 voter-list proposed associations; no verified current occupancy or vacancies. Counts are not allocation approvals.
SAT_F_017,Satpur,FREE,41,4,0,4,0,4,0,0,0,0,0,1,,,CANDIDATE_ASSOCIATIONS_ONLY,2024,2024 voter-list proposed associations; no verified current occupancy or vacancies. Counts are not allocation approvals.
SAT_F_018,Satpur,FREE,27,0,0,0,0,0,0,0,0,0,0,0,,,NO_PROPOSED_ASSOCIATIONS,2024,2024 voter-list proposed associations; no verified current occupancy or vacancies. Counts are not allocation approvals.
SAT_F_019,Satpur,FREE,22,2,2,0,0,0,0,0,2,0,0,1,,,CANDIDATE_ASSOCIATIONS_ONLY,2024,2024 voter-list proposed associations; no verified current occupancy or vacancies. Counts are not allocation approvals.
SAT_F_020,Satpur,FREE,41,0,0,0,0,0,0,0,0,0,0,0,,,NO_PROPOSED_ASSOCIATIONS,2024,2024 voter-list proposed associations; no verified current occupancy or vacancies. Counts are not allocation approvals.
SAT_F_021,Satpur,FREE,6,4,3,1,0,0,0,2,1,0,1,2,,,CANDIDATE_ASSOCIATIONS_ONLY,2024,2024 voter-list proposed associations; no verified current occupancy or vacancies. Counts are not allocation approvals.
SAT_F_022,Satpur,FREE,91,55,55,0,26,18,1,0,8,2,0,1,,,CANDIDATE_ASSOCIATIONS_ONLY,2024,2024 voter-list proposed associations; no verified current occupancy or vacancies. Counts are not allocation approvals.
SAT_F_023,Satpur,FREE,18,0,0,0,0,0,0,0,0,0,0,0,,,NO_PROPOSED_ASSOCIATIONS,2024,2024 voter-list proposed associations; no verified current occupancy or vacancies. Counts are not allocation approvals.
SAT_F_024,Satpur,FREE,12,19,0,19,3,10,1,0,1,4,0,4,,,CANDIDATE_ASSOCIATIONS_ONLY,2024,2024 voter-list proposed associations; no verified current occupancy or vacancies. Counts are not allocation approvals.
SAT_F_025,Satpur,FREE,12,21,21,0,9,6,0,1,3,2,0,1,,,CANDIDATE_ASSOCIATIONS_ONLY,2024,2024 voter-list proposed associations; no verified current occupancy or vacancies. Counts are not allocation approvals.
SAT_R_001,Satpur,RESTRICTED,68,15,0,15,0,15,0,0,0,0,0,3,,,CANDIDATE_ASSOCIATIONS_ONLY,2024,2024 voter-list proposed associations; no verified current occupancy or vacancies. Counts are not allocation approvals.
SAT_R_002,Satpur,RESTRICTED,36,52,49,3,19,26,1,0,5,0,1,5,,,CANDIDATE_ASSOCIATIONS_ONLY,2024,2024 voter-list proposed associations; no verified current occupancy or vacancies. Counts are not allocation approvals.
SAT_R_003,Satpur,RESTRICTED,45,0,0,0,0,0,0,0,0,0,0,0,,,NO_PROPOSED_ASSOCIATIONS,2024,2024 voter-list proposed associations; no verified current occupancy or vacancies. Counts are not allocation approvals.
NV_001,Citywide,NO_VENDING,,0,0,0,0,0,0,0,0,0,0,0,,,NO_PROPOSED_ASSOCIATIONS,2024,2024 voter-list proposed associations; no verified current occupancy or vacancies. Counts are not allocation approvals.
NV_002,Citywide,NO_VENDING,,0,0,0,0,0,0,0,0,0,0,0,,,NO_PROPOSED_ASSOCIATIONS,2024,2024 voter-list proposed associations; no verified current occupancy or vacancies. Counts are not allocation approvals.
NV_003,Citywide,NO_VENDING,,0,0,0,0,0,0,0,0,0,0,0,,,NO_PROPOSED_ASSOCIATIONS,2024,2024 voter-list proposed associations; no verified current occupancy or vacancies. Counts are not allocation approvals.
NV_004,Citywide,NO_VENDING,,0,0,0,0,0,0,0,0,0,0,0,,,NO_PROPOSED_ASSOCIATIONS,2024,2024 voter-list proposed associations; no verified current occupancy or vacancies. Counts are not allocation approvals.
NV_005,Citywide,NO_VENDING,,0,0,0,0,0,0,0,0,0,0,0,,,NO_PROPOSED_ASSOCIATIONS,2024,2024 voter-list proposed associations; no verified current occupancy or vacancies. Counts are not allocation approvals.
NV_006,Citywide,NO_VENDING,,0,0,0,0,0,0,0,0,0,0,0,,,NO_PROPOSED_ASSOCIATIONS,2024,2024 voter-list proposed associations; no verified current occupancy or vacancies. Counts are not allocation approvals.
NV_007,Citywide,NO_VENDING,,0,0,0,0,0,0,0,0,0,0,0,,,NO_PROPOSED_ASSOCIATIONS,2024,2024 voter-list proposed associations; no verified current occupancy or vacancies. Counts are not allocation approvals.
NV_008,Citywide,NO_VENDING,,0,0,0,0,0,0,0,0,0,0,0,,,NO_PROPOSED_ASSOCIATIONS,2024,2024 voter-list proposed associations; no verified current occupancy or vacancies. Counts are not allocation approvals.
NV_009,Citywide,NO_VENDING,,0,0,0,0,0,0,0,0,0,0,0,,,NO_PROPOSED_ASSOCIATIONS,2024,2024 voter-list proposed associations; no verified current occupancy or vacancies. Counts are not allocation approvals.
NV_010,Citywide,NO_VENDING,,0,0,0,0,0,0,0,0,0,0,0,,,NO_PROPOSED_ASSOCIATIONS,2024,2024 voter-list proposed associations; no verified current occupancy or vacancies. Counts are not allocation approvals.
NV_011,Citywide,NO_VENDING,,0,0,0,0,0,0,0,0,0,0,0,,,NO_PROPOSED_ASSOCIATIONS,2024,2024 voter-list proposed associations; no verified current occupancy or vacancies. Counts are not allocation approvals.
NV_012,Citywide,NO_VENDING,,0,0,0,0,0,0,0,0,0,0,0,,,NO_PROPOSED_ASSOCIATIONS,2024,2024 voter-list proposed associations; no verified current occupancy or vacancies. Counts are not allocation approvals.
NV_013,Citywide,NO_VENDING,,0,0,0,0,0,0,0,0,0,0,0,,,NO_PROPOSED_ASSOCIATIONS,2024,2024 voter-list proposed associations; no verified current occupancy or vacancies. Counts are not allocation approvals.
NV_014,Citywide,NO_VENDING,,0,0,0,0,0,0,0,0,0,0,0,,,NO_PROPOSED_ASSOCIATIONS,2024,2024 voter-list proposed associations; no verified current occupancy or vacancies. Counts are not allocation approvals.
NV_015,Citywide,NO_VENDING,,0,0,0,0,0,0,0,0,0,0,0,,,NO_PROPOSED_ASSOCIATIONS,2024,2024 voter-list proposed associations; no verified current occupancy or vacancies. Counts are not allocation approvals.
NV_016,Citywide,NO_VENDING,,0,0,0,0,0,0,0,0,0,0,0,,,NO_PROPOSED_ASSOCIATIONS,2024,2024 voter-list proposed associations; no verified current occupancy or vacancies. Counts are not allocation approvals.
NV_017,Citywide,NO_VENDING,,0,0,0,0,0,0,0,0,0,0,0,,,NO_PROPOSED_ASSOCIATIONS,2024,2024 voter-list proposed associations; no verified current occupancy or vacancies. Counts are not allocation approvals.
NV_018,Citywide,NO_VENDING,,0,0,0,0,0,0,0,0,0,0,0,,,NO_PROPOSED_ASSOCIATIONS,2024,2024 voter-list proposed associations; no verified current occupancy or vacancies. Counts are not allocation approvals.
NV_019,Citywide,NO_VENDING,,0,0,0,0,0,0,0,0,0,0,0,,,NO_PROPOSED_ASSOCIATIONS,2024,2024 voter-list proposed associations; no verified current occupancy or vacancies. Counts are not allocation approvals.
NV_020,Citywide,NO_VENDING,,0,0,0,0,0,0,0,0,0,0,0,,,NO_PROPOSED_ASSOCIATIONS,2024,2024 voter-list proposed associations; no verified current occupancy or vacancies. Counts are not allocation approvals.
NV_021,Citywide,NO_VENDING,,0,0,0,0,0,0,0,0,0,0,0,,,NO_PROPOSED_ASSOCIATIONS,2024,2024 voter-list proposed associations; no verified current occupancy or vacancies. Counts are not allocation approvals.
NV_022,Citywide,NO_VENDING,,0,0,0,0,0,0,0,0,0,0,0,,,NO_PROPOSED_ASSOCIATIONS,2024,2024 voter-list proposed associations; no verified current occupancy or vacancies. Counts are not allocation approvals.
NV_023,Citywide,NO_VENDING,,0,0,0,0,0,0,0,0,0,0,0,,,NO_PROPOSED_ASSOCIATIONS,2024,2024 voter-list proposed associations; no verified current occupancy or vacancies. Counts are not allocation approvals.
NV_024,Citywide,NO_VENDING,,0,0,0,0,0,0,0,0,0,0,0,,,NO_PROPOSED_ASSOCIATIONS,2024,2024 voter-list proposed associations; no verified current occupancy or vacancies. Counts are not allocation approvals.
NV_025,Citywide,NO_VENDING,,0,0,0,0,0,0,0,0,0,0,0,,,NO_PROPOSED_ASSOCIATIONS,2024,2024 voter-list proposed associations; no verified current occupancy or vacancies. Counts are not allocation approvals.
NV_026,Citywide,NO_VENDING,,0,0,0,0,0,0,0,0,0,0,0,,,NO_PROPOSED_ASSOCIATIONS,2024,2024 voter-list proposed associations; no verified current occupancy or vacancies. Counts are not allocation approvals.
NV_027,Citywide,NO_VENDING,,0,0,0,0,0,0,0,0,0,0,0,,,NO_PROPOSED_ASSOCIATIONS,2024,2024 voter-list proposed associations; no verified current occupancy or vacancies. Counts are not allocation approvals.
NV_028,Citywide,NO_VENDING,,0,0,0,0,0,0,0,0,0,0,0,,,NO_PROPOSED_ASSOCIATIONS,2024,2024 voter-list proposed associations; no verified current occupancy or vacancies. Counts are not allocation approvals.
NV_029,Citywide,NO_VENDING,,0,0,0,0,0,0,0,0,0,0,0,,,NO_PROPOSED_ASSOCIATIONS,2024,2024 voter-list proposed associations; no verified current occupancy or vacancies. Counts are not allocation approvals.
NV_030,Citywide,NO_VENDING,,0,0,0,0,0,0,0,0,0,0,0,,,NO_PROPOSED_ASSOCIATIONS,2024,2024 voter-list proposed associations; no verified current occupancy or vacancies. Counts are not allocation approvals.
NV_031,Citywide,NO_VENDING,,0,0,0,0,0,0,0,0,0,0,0,,,NO_PROPOSED_ASSOCIATIONS,2024,2024 voter-list proposed associations; no verified current occupancy or vacancies. Counts are not allocation approvals.
NV_032,Citywide,NO_VENDING,,0,0,0,0,0,0,0,0,0,0,0,,,NO_PROPOSED_ASSOCIATIONS,2024,2024 voter-list proposed associations; no verified current occupancy or vacancies. Counts are not allocation approvals.
NV_033,Citywide,NO_VENDING,,0,0,0,0,0,0,0,0,0,0,0,,,NO_PROPOSED_ASSOCIATIONS,2024,2024 voter-list proposed associations; no verified current occupancy or vacancies. Counts are not allocation approvals.
NV_034,Citywide,NO_VENDING,,0,0,0,0,0,0,0,0,0,0,0,,,NO_PROPOSED_ASSOCIATIONS,2024,2024 voter-list proposed associations; no verified current occupancy or vacancies. Counts are not allocation approvals.
NV_035,Citywide,NO_VENDING,,0,0,0,0,0,0,0,0,0,0,0,,,NO_PROPOSED_ASSOCIATIONS,2024,2024 voter-list proposed associations; no verified current occupancy or vacancies. Counts are not allocation approvals.
NV_036,Citywide,NO_VENDING,,0,0,0,0,0,0,0,0,0,0,0,,,NO_PROPOSED_ASSOCIATIONS,2024,2024 voter-list proposed associations; no verified current occupancy or vacancies. Counts are not allocation approvals.
NV_037,Citywide,NO_VENDING,,0,0,0,0,0,0,0,0,0,0,0,,,NO_PROPOSED_ASSOCIATIONS,2024,2024 voter-list proposed associations; no verified current occupancy or vacancies. Counts are not allocation approvals.
NV_038,Citywide,NO_VENDING,,0,0,0,0,0,0,0,0,0,0,0,,,NO_PROPOSED_ASSOCIATIONS,2024,2024 voter-list proposed associations; no verified current occupancy or vacancies. Counts are not allocation approvals.
NV_039,Citywide,NO_VENDING,,0,0,0,0,0,0,0,0,0,0,0,,,NO_PROPOSED_ASSOCIATIONS,2024,2024 voter-list proposed associations; no verified current occupancy or vacancies. Counts are not allocation approvals.
NV_040,Citywide,NO_VENDING,,0,0,0,0,0,0,0,0,0,0,0,,,NO_PROPOSED_ASSOCIATIONS,2024,2024 voter-list proposed associations; no verified current occupancy or vacancies. Counts are not allocation approvals.
NV_041,Citywide,NO_VENDING,,0,0,0,0,0,0,0,0,0,0,0,,,NO_PROPOSED_ASSOCIATIONS,2024,2024 voter-list proposed associations; no verified current occupancy or vacancies. Counts are not allocation approvals.
NV_042,Citywide,NO_VENDING,,0,0,0,0,0,0,0,0,0,0,0,,,NO_PROPOSED_ASSOCIATIONS,2024,2024 voter-list proposed associations; no verified current occupancy or vacancies. Counts are not allocation approvals.
NV_043,Citywide,NO_VENDING,,0,0,0,0,0,0,0,0,0,0,0,,,NO_PROPOSED_ASSOCIATIONS,2024,2024 voter-list proposed associations; no verified current occupancy or vacancies. Counts are not allocation approvals.
NV_044,Citywide,NO_VENDING,,0,0,0,0,0,0,0,0,0,0,0,,,NO_PROPOSED_ASSOCIATIONS,2024,2024 voter-list proposed associations; no verified current occupancy or vacancies. Counts are not allocation approvals.
NV_045,Citywide,NO_VENDING,,0,0,0,0,0,0,0,0,0,0,0,,,NO_PROPOSED_ASSOCIATIONS,2024,2024 voter-list proposed associations; no verified current occupancy or vacancies. Counts are not allocation approvals.
NV_046,Citywide,NO_VENDING,,0,0,0,0,0,0,0,0,0,0,0,,,NO_PROPOSED_ASSOCIATIONS,2024,2024 voter-list proposed associations; no verified current occupancy or vacancies. Counts are not allocation approvals.
NV_047,Citywide,NO_VENDING,,0,0,0,0,0,0,0,0,0,0,0,,,NO_PROPOSED_ASSOCIATIONS,2024,2024 voter-list proposed associations; no verified current occupancy or vacancies. Counts are not allocation approvals.
NV_048,Citywide,NO_VENDING,,0,0,0,0,0,0,0,0,0,0,0,,,NO_PROPOSED_ASSOCIATIONS,2024,2024 voter-list proposed associations; no verified current occupancy or vacancies. Counts are not allocation approvals.
NV_049,Citywide,NO_VENDING,,0,0,0,0,0,0,0,0,0,0,0,,,NO_PROPOSED_ASSOCIATIONS,2024,2024 voter-list proposed associations; no verified current occupancy or vacancies. Counts are not allocation approvals.
NV_050,Citywide,NO_VENDING,,0,0,0,0,0,0,0,0,0,0,0,,,NO_PROPOSED_ASSOCIATIONS,2024,2024 voter-list proposed associations; no verified current occupancy or vacancies. Counts are not allocation approvals.
NV_051,Citywide,NO_VENDING,,0,0,0,0,0,0,0,0,0,0,0,,,NO_PROPOSED_ASSOCIATIONS,2024,2024 voter-list proposed associations; no verified current occupancy or vacancies. Counts are not allocation approvals.
NV_052,Citywide,NO_VENDING,,0,0,0,0,0,0,0,0,0,0,0,,,NO_PROPOSED_ASSOCIATIONS,2024,2024 voter-list proposed associations; no verified current occupancy or vacancies. Counts are not allocation approvals.
NV_053,Citywide,NO_VENDING,,0,0,0,0,0,0,0,0,0,0,0,,,NO_PROPOSED_ASSOCIATIONS,2024,2024 voter-list proposed associations; no verified current occupancy or vacancies. Counts are not allocation approvals.
NV_054,Citywide,NO_VENDING,,0,0,0,0,0,0,0,0,0,0,0,,,NO_PROPOSED_ASSOCIATIONS,2024,2024 voter-list proposed associations; no verified current occupancy or vacancies. Counts are not allocation approvals.
NV_055,Citywide,NO_VENDING,,0,0,0,0,0,0,0,0,0,0,0,,,NO_PROPOSED_ASSOCIATIONS,2024,2024 voter-list proposed associations; no verified current occupancy or vacancies. Counts are not allocation approvals.
NV_056,Citywide,NO_VENDING,,0,0,0,0,0,0,0,0,0,0,0,,,NO_PROPOSED_ASSOCIATIONS,2024,2024 voter-list proposed associations; no verified current occupancy or vacancies. Counts are not allocation approvals.
NV_057,Citywide,NO_VENDING,,0,0,0,0,0,0,0,0,0,0,0,,,NO_PROPOSED_ASSOCIATIONS,2024,2024 voter-list proposed associations; no verified current occupancy or vacancies. Counts are not allocation approvals.
NV_058,Citywide,NO_VENDING,,0,0,0,0,0,0,0,0,0,0,0,,,NO_PROPOSED_ASSOCIATIONS,2024,2024 voter-list proposed associations; no verified current occupancy or vacancies. Counts are not allocation approvals.
NV_059,Citywide,NO_VENDING,,0,0,0,0,0,0,0,0,0,0,0,,,NO_PROPOSED_ASSOCIATIONS,2024,2024 voter-list proposed associations; no verified current occupancy or vacancies. Counts are not allocation approvals.
NV_060,Citywide,NO_VENDING,,0,0,0,0,0,0,0,0,0,0,0,,,NO_PROPOSED_ASSOCIATIONS,2024,2024 voter-list proposed associations; no verified current occupancy or vacancies. Counts are not allocation approvals.
NV_061,Citywide,NO_VENDING,,0,0,0,0,0,0,0,0,0,0,0,,,NO_PROPOSED_ASSOCIATIONS,2024,2024 voter-list proposed associations; no verified current occupancy or vacancies. Counts are not allocation approvals.
NV_062,Citywide,NO_VENDING,,0,0,0,0,0,0,0,0,0,0,0,,,NO_PROPOSED_ASSOCIATIONS,2024,2024 voter-list proposed associations; no verified current occupancy or vacancies. Counts are not allocation approvals.
NV_063,Citywide,NO_VENDING,,0,0,0,0,0,0,0,0,0,0,0,,,NO_PROPOSED_ASSOCIATIONS,2024,2024 voter-list proposed associations; no verified current occupancy or vacancies. Counts are not allocation approvals.
NV_064,Citywide,NO_VENDING,,0,0,0,0,0,0,0,0,0,0,0,,,NO_PROPOSED_ASSOCIATIONS,2024,2024 voter-list proposed associations; no verified current occupancy or vacancies. Counts are not allocation approvals.
NV_065,Citywide,NO_VENDING,,0,0,0,0,0,0,0,0,0,0,0,,,NO_PROPOSED_ASSOCIATIONS,2024,2024 voter-list proposed associations; no verified current occupancy or vacancies. Counts are not allocation approvals.
NV_066,Citywide,NO_VENDING,,0,0,0,0,0,0,0,0,0,0,0,,,NO_PROPOSED_ASSOCIATIONS,2024,2024 voter-list proposed associations; no verified current occupancy or vacancies. Counts are not allocation approvals.
NV_067,Citywide,NO_VENDING,,0,0,0,0,0,0,0,0,0,0,0,,,NO_PROPOSED_ASSOCIATIONS,2024,2024 voter-list proposed associations; no verified current occupancy or vacancies. Counts are not allocation approvals.
NV_068,Citywide,NO_VENDING,,0,0,0,0,0,0,0,0,0,0,0,,,NO_PROPOSED_ASSOCIATIONS,2024,2024 voter-list proposed associations; no verified current occupancy or vacancies. Counts are not allocation approvals.
NV_069,Citywide,NO_VENDING,,0,0,0,0,0,0,0,0,0,0,0,,,NO_PROPOSED_ASSOCIATIONS,2024,2024 voter-list proposed associations; no verified current occupancy or vacancies. Counts are not allocation approvals.
NV_070,Citywide,NO_VENDING,,0,0,0,0,0,0,0,0,0,0,0,,,NO_PROPOSED_ASSOCIATIONS,2024,2024 voter-list proposed associations; no verified current occupancy or vacancies. Counts are not allocation approvals.
NV_071,Citywide,NO_VENDING,,0,0,0,0,0,0,0,0,0,0,0,,,NO_PROPOSED_ASSOCIATIONS,2024,2024 voter-list proposed associations; no verified current occupancy or vacancies. Counts are not allocation approvals.
NV_072,Citywide,NO_VENDING,,0,0,0,0,0,0,0,0,0,0,0,,,NO_PROPOSED_ASSOCIATIONS,2024,2024 voter-list proposed associations; no verified current occupancy or vacancies. Counts are not allocation approvals.
NV_073,Citywide,NO_VENDING,,0,0,0,0,0,0,0,0,0,0,0,,,NO_PROPOSED_ASSOCIATIONS,2024,2024 voter-list proposed associations; no verified current occupancy or vacancies. Counts are not allocation approvals.
NV_074,Citywide,NO_VENDING,,0,0,0,0,0,0,0,0,0,0,0,,,NO_PROPOSED_ASSOCIATIONS,2024,2024 voter-list proposed associations; no verified current occupancy or vacancies. Counts are not allocation approvals.
NV_075,Citywide,NO_VENDING,,0,0,0,0,0,0,0,0,0,0,0,,,NO_PROPOSED_ASSOCIATIONS,2024,2024 voter-list proposed associations; no verified current occupancy or vacancies. Counts are not allocation approvals.
NV_076,Citywide,NO_VENDING,,0,0,0,0,0,0,0,0,0,0,0,,,NO_PROPOSED_ASSOCIATIONS,2024,2024 voter-list proposed associations; no verified current occupancy or vacancies. Counts are not allocation approvals.
NV_077,Citywide,NO_VENDING,,0,0,0,0,0,0,0,0,0,0,0,,,NO_PROPOSED_ASSOCIATIONS,2024,2024 voter-list proposed associations; no verified current occupancy or vacancies. Counts are not allocation approvals.
NV_078,Citywide,NO_VENDING,,0,0,0,0,0,0,0,0,0,0,0,,,NO_PROPOSED_ASSOCIATIONS,2024,2024 voter-list proposed associations; no verified current occupancy or vacancies. Counts are not allocation approvals.
NV_079,Citywide,NO_VENDING,,0,0,0,0,0,0,0,0,0,0,0,,,NO_PROPOSED_ASSOCIATIONS,2024,2024 voter-list proposed associations; no verified current occupancy or vacancies. Counts are not allocation approvals.
NV_080,Citywide,NO_VENDING,,0,0,0,0,0,0,0,0,0,0,0,,,NO_PROPOSED_ASSOCIATIONS,2024,2024 voter-list proposed associations; no verified current occupancy or vacancies. Counts are not allocation approvals.
NV_081,Citywide,NO_VENDING,,0,0,0,0,0,0,0,0,0,0,0,,,NO_PROPOSED_ASSOCIATIONS,2024,2024 voter-list proposed associations; no verified current occupancy or vacancies. Counts are not allocation approvals.
NV_082,Citywide,NO_VENDING,,0,0,0,0,0,0,0,0,0,0,0,,,NO_PROPOSED_ASSOCIATIONS,2024,2024 voter-list proposed associations; no verified current occupancy or vacancies. Counts are not allocation approvals.
NV_083,Citywide,NO_VENDING,,0,0,0,0,0,0,0,0,0,0,0,,,NO_PROPOSED_ASSOCIATIONS,2024,2024 voter-list proposed associations; no verified current occupancy or vacancies. Counts are not allocation approvals.
