pair_id,vendor_profile_id,business_category,preferred_division,evidence_version,zone_id,zone_division,official_description,environment_cluster,geometry_status,geometry_method,geometry_source_evidence,official_capacity,mapped_landuse_coverage_ratio_500m,commercial_poi_count_250m,market_poi_count_500m,food_poi_count_250m,distance_to_major_road_m,distance_to_bus_access_m,bus_count_500m,healthcare_count_500m,education_count_500m,toilet_count_500m,parking_count_500m
P_c83184e215ff28,PROFILE_VEGETABLE_FRUIT,vegetable_fruit,Satpur,review-v1,SAT_F_003,Satpur,Along the compound wall of Victor Gasket Company.,1.0,REFERENCE_LIKELY,VENDOR_REFERENCE_UNION,Along Hunter Gasket Company,20.0,0.0,0.0,0.0,0.0,269.5269225863026,2535.506265098044,0.0,1.0,0.0,0.0,0.0
P_5f655d470d8d17,PROFILE_VEGETABLE_FRUIT,vegetable_fruit,Nashik West,review-v1,NW_F_007,Nashik West,"Space beside the tennis court in D'Souza Colony, along the canal-side strip.",1.0,REFERENCE_HIGH,VENDOR_REFERENCE_UNION,"Canal-side Space beside the Tennis Court, D'Souza Colony",16.0,0.0087889906756481,0.0,0.0,0.0,0.5700665761185353,981.1860662653912,0.0,0.0,0.0,0.0,0.0
P_b1478cd9cc2172,PROFILE_VEGETABLE_FRUIT,vegetable_fruit,Panchavati,review-v1,PAN_F_029,Panchavati,"Adjacent to Ganeshwadi Vegetable Market, towards Waghadi Bridge.",1.0,REFERENCE_LIKELY,VENDOR_REFERENCE_UNION,"Ganeshwadi Vegetable Market, near Waghadi Bridge | Beside Ganeshwadi Vegetable Market",30.0,0.0217078024117677,3.0,2.0,0.0,76.7611672201086,1231.040969496633,0.0,2.0,2.0,0.0,0.0
P_ee7914b1272bf0,PROFILE_VEGETABLE_FRUIT,vegetable_fruit,Nashik East,review-v1,NE_F_001,Nashik East,Vacant platforms and open space within Phule Market.,0.0,REFERENCE_LIKELY,VENDOR_REFERENCE_UNION,Phule Market,118.0,0.1264908332808446,1.0,1.0,0.0,136.71186991136983,363.2401452477212,2.0,7.0,1.0,1.0,0.0
P_f31fe03f51cec9,PROFILE_VEGETABLE_FRUIT,vegetable_fruit,New Nashik,review-v1,NN_F_009,New Nashik,"Behind Glasgow Company, MIDC Ambad.",1.0,REFERENCE_LIKELY,OSM_NAMED_POINT_BUFFER,Ambad,30.0,0.7797302459710286,0.0,0.0,0.0,394.8310275190588,543.3716901305265,0.0,0.0,0.0,0.0,0.0
P_01114564466e66,PROFILE_VEGETABLE_FRUIT,vegetable_fruit,Nashik Road,review-v1,NR_F_015,Nashik Road,"Bhalerao Mala, Jai Bhavani Road, beside Tulja Temple.",1.0,REFERENCE_HIGH,VENDOR_REFERENCE_UNION,"Jay Bhavani Road, Bhalerao Mala",100.0,0.0,0.0,0.0,0.0,1192.8304217412294,1996.092066273633,0.0,1.0,2.0,0.0,0.0
P_4c23d549179630,PROFILE_VEGETABLE_FRUIT,vegetable_fruit,Satpur,review-v1,SAT_F_002,Satpur,"Along the fire-station wall, Satpur.",1.0,REFERENCE_LIKELY,VENDOR_REFERENCE_UNION,Along the Fire Station Boundary,17.0,0.0,0.0,0.0,0.0,250.2799848090774,2532.577190382534,0.0,0.0,0.0,0.0,0.0
P_b7d778731aaca3,PROFILE_VEGETABLE_FRUIT,vegetable_fruit,New Nashik,review-v1,NN_F_005,New Nashik,Phalke Memorial Gate.,1.0,REFERENCE_HIGH,VENDOR_REFERENCE_UNION,Along Phalke Smarak Compound,20.0,0.093254726411937,0.0,0.0,0.0,500.5363430014477,606.2437430324321,0.0,0.0,0.0,1.0,0.0
P_556358218e1990,PROFILE_VEGETABLE_FRUIT,vegetable_fruit,Panchavati,review-v1,PAN_F_023,Panchavati,"Near Shri Mahadev Temple, along the NMC open-space compound wall at Gunjal Baba Nagar, Hirawadi.",1.0,REFERENCE_LIKELY,OSM_NAMED_POLYGON,Temple,7.0,0.0029611972492823,0.0,0.0,0.0,13.87954790117547,1266.9410721891363,0.0,0.0,0.0,0.0,0.0
P_55325f0e6dad0e,PROFILE_VEGETABLE_FRUIT,vegetable_fruit,Nashik West,review-v1,NW_F_024,Nashik West,"Chitramandir, Vishrambaug area.",1.0,REFERENCE_LIKELY,OSM_NAMED_POLYGON,Temple,46.0,0.0029611972492823,0.0,0.0,0.0,13.87954790117547,1266.9410721891363,0.0,0.0,0.0,0.0,0.0
P_32fbdda2312cdf,PROFILE_VEGETABLE_FRUIT,vegetable_fruit,Nashik East,review-v1,NE_F_003,Nashik East,Roadside along the western side of 100 Feet Tigarania Company Road.,1.0,REFERENCE_LIKELY,VENDOR_REFERENCE_UNION,"100 Feet Road, Tigraniya Road",,0.3390238749457022,0.0,0.0,0.0,486.5368875944565,1010.11758651422,0.0,0.0,0.0,0.0,0.0
P_5fdf0ac5fd23d8,PROFILE_VEGETABLE_FRUIT,vegetable_fruit,Satpur,review-v1,SAT_F_005,Satpur,"Along the Satpur Mutton Market compound wall, Satpur Gaon.",0.0,REFERENCE_HIGH,VENDOR_REFERENCE_UNION,Along the Boundary of Satpur Mutton Market,248.0,0.2236769507617932,1.0,1.0,0.0,985.225818415048,117.891037014574,1.0,2.0,0.0,0.0,0.0
P_b73d6d0545c177,PROFILE_VEGETABLE_FRUIT,vegetable_fruit,Nashik Road,review-v1,NR_F_035,Nashik Road,"Gajanan Park, Nashik Road.",1.0,REFERENCE_HIGH,OSM_NAMED_LINE_BUFFER,Pune Nashik Road,100.0,0.0,0.0,0.0,0.0,1686.749534848505,1790.472106144725,0.0,0.0,0.0,0.0,0.0
P_5130b2ae0a2a1d,PROFILE_VEGETABLE_FRUIT,vegetable_fruit,Satpur,review-v1,SAT_F_006,Satpur,"Along the compound wall of Taparia Tools / ST Bus Stand, Satpur.",0.0,REFERENCE_HIGH,VENDOR_REFERENCE_UNION,"Taparia Tools, ST Bus Stand Area",68.0,0.1267749232632949,2.0,1.0,0.0,54.00914966508297,17.495537843646055,3.0,9.0,2.0,1.0,0.0
P_519306fc8bb938,PROFILE_VEGETABLE_FRUIT,vegetable_fruit,Nashik East,review-v1,NE_F_007,Nashik East,"Open space opposite Survey No. 262, Rukmini Nagar, near Pakhal Road and Ashoka Marg, leaving the corner of the 150-foot road on the western side.",1.0,REFERENCE_HIGH,VENDOR_REFERENCE_UNION,"Ashoka Marg, Pakhal Road",99.0,0.0101859014039082,0.0,0.0,0.0,498.2573135010253,947.9046796590508,0.0,6.0,0.0,0.0,0.0
P_5db25845a6e3cb,PROFILE_VEGETABLE_FRUIT,vegetable_fruit,New Nashik,review-v1,NN_F_013,New Nashik,"Lekha Nagar, Balbharati Office.",0.0,REFERENCE_LIKELY,OSM_NAMED_POINT_BUFFER,Lekhanagar,10.0,0.0291047184148107,1.0,0.0,1.0,47.9372819519917,10.609126376925849,1.0,1.0,0.0,0.0,0.0
P_9665ab786e3b02,PROFILE_VEGETABLE_FRUIT,vegetable_fruit,Nashik West,review-v1,NW_F_012,Nashik West,"Open space opposite Hindu Samaj Seva Sangh, near Jhankar Hotel.",0.0,REFERENCE_LIKELY,VENDOR_REFERENCE_UNION,"Open Space opposite Hindu Samaj Seva Sangh, near Jhankar Hotel",30.0,0.0997434864601164,1.0,0.0,0.0,181.95412533692627,430.6974809652975,3.0,3.0,0.0,0.0,0.0
P_d2ccaba4eca4eb,PROFILE_VEGETABLE_FRUIT,vegetable_fruit,Nashik West,review-v1,NW_F_026,Nashik West,Open plot near Akashvani Kendra.,0.0,REFERENCE_LIKELY,OSM_NAMED_POLYGON,Open Plot,300.0,0.0336151264432363,1.0,0.0,0.0,264.82049114569406,329.13014991066365,1.0,0.0,0.0,0.0,1.0
P_22a545f38bf9a9,PROFILE_VEGETABLE_FRUIT,vegetable_fruit,Panchavati,review-v1,PAN_F_027,Panchavati,NMC land beside the public toilet opposite the east gate of Shri Kalaram Temple.,0.0,REFERENCE_HIGH,VENDOR_REFERENCE_UNION,Kalaram Temple,19.0,0.044456461533161,3.0,2.0,2.0,314.5550702343336,321.08146708122206,1.0,5.0,1.0,2.0,5.0
P_4ba5720c1a3425,PROFILE_VEGETABLE_FRUIT,vegetable_fruit,Panchavati,review-v1,PAN_F_031,Panchavati,"Pedestrian road in front of the Panchavati public library, opposite Indrakund, excluding the western and northern sides of the library.",0.0,REFERENCE_LIKELY,VENDOR_REFERENCE_UNION,Pedestrian Road opposite Indrakund,30.0,0.1223802863246357,4.0,1.0,0.0,12.51736282589124,19.61539675968543,3.0,6.0,2.0,2.0,3.0
P_c0d54b7fb9bdc7,PROFILE_VEGETABLE_FRUIT,vegetable_fruit,Nashik East,review-v1,NE_F_010,Nashik East,Open space within Krushnakant Vegetable Market.,0.0,REFERENCE_LIKELY,VENDOR_REFERENCE_UNION,Krishnakant Vegetable Market,191.0,0.1264908332808446,1.0,1.0,0.0,136.71186991136983,363.2401452477212,2.0,7.0,1.0,1.0,0.0
P_d63247f390e872,PROFILE_VEGETABLE_FRUIT,vegetable_fruit,New Nashik,review-v1,NN_F_002,New Nashik,Ambad Gaon Vegetable Market.,0.0,REFERENCE_LIKELY,VENDOR_REFERENCE_UNION,Ambad Gaon Vegetable Market | Market,90.0,0.1264908332808446,1.0,1.0,0.0,136.71186991136983,363.2401452477212,2.0,7.0,1.0,1.0,0.0
P_5993d726897044,PROFILE_VEGETABLE_FRUIT,vegetable_fruit,Nashik Road,review-v1,NR_F_023,Nashik Road,"Samangaon, opposite the Polytechnic College, along the 30-metre DP Road and the college compound.",0.0,REFERENCE_HIGH,OSM_NAMED_POINT_BUFFER,College Road Post Office,300.0,0.0828074576166662,8.0,0.0,6.0,16.71137902302596,681.1456101007316,0.0,7.0,5.0,0.0,0.0
P_678b099872454f,PROFILE_VEGETABLE_FRUIT,vegetable_fruit,Nashik Road,review-v1,NR_F_034,Nashik Road,"On the eastern side of the railway station, Survey No. 246, Reservation No. 222 for Railway Terminus and Allied Activities, along the 18-metre DP Road.",0.0,REFERENCE_HIGH,VENDOR_REFERENCE_UNION,Railway Station,200.0,0.0390227839433226,1.0,0.0,0.0,8.466210545056484,354.418948439394,1.0,6.0,0.0,1.0,1.0
P_ba602497498572,PROFILE_FOOD,food,Satpur,review-v1,SAT_F_003,Satpur,Along the compound wall of Victor Gasket Company.,1.0,REFERENCE_LIKELY,VENDOR_REFERENCE_UNION,Along Hunter Gasket Company,20.0,0.0,0.0,0.0,0.0,269.5269225863026,2535.506265098044,0.0,1.0,0.0,0.0,0.0
P_d938e81a5ff529,PROFILE_FOOD,food,Nashik West,review-v1,NW_F_007,Nashik West,"Space beside the tennis court in D'Souza Colony, along the canal-side strip.",1.0,REFERENCE_HIGH,VENDOR_REFERENCE_UNION,"Canal-side Space beside the Tennis Court, D'Souza Colony",16.0,0.0087889906756481,0.0,0.0,0.0,0.5700665761185353,981.1860662653912,0.0,0.0,0.0,0.0,0.0
P_d0ba3b14b1bb4a,PROFILE_FOOD,food,Panchavati,review-v1,PAN_F_029,Panchavati,"Adjacent to Ganeshwadi Vegetable Market, towards Waghadi Bridge.",1.0,REFERENCE_LIKELY,VENDOR_REFERENCE_UNION,"Ganeshwadi Vegetable Market, near Waghadi Bridge | Beside Ganeshwadi Vegetable Market",30.0,0.0217078024117677,3.0,2.0,0.0,76.7611672201086,1231.040969496633,0.0,2.0,2.0,0.0,0.0
P_16884754c50e0b,PROFILE_FOOD,food,Nashik East,review-v1,NE_F_001,Nashik East,Vacant platforms and open space within Phule Market.,0.0,REFERENCE_LIKELY,VENDOR_REFERENCE_UNION,Phule Market,118.0,0.1264908332808446,1.0,1.0,0.0,136.71186991136983,363.2401452477212,2.0,7.0,1.0,1.0,0.0
P_0b372ed744cc2c,PROFILE_FOOD,food,New Nashik,review-v1,NN_F_009,New Nashik,"Behind Glasgow Company, MIDC Ambad.",1.0,REFERENCE_LIKELY,OSM_NAMED_POINT_BUFFER,Ambad,30.0,0.7797302459710286,0.0,0.0,0.0,394.8310275190588,543.3716901305265,0.0,0.0,0.0,0.0,0.0
P_eb20f2312a3c73,PROFILE_FOOD,food,Nashik Road,review-v1,NR_F_015,Nashik Road,"Bhalerao Mala, Jai Bhavani Road, beside Tulja Temple.",1.0,REFERENCE_HIGH,VENDOR_REFERENCE_UNION,"Jay Bhavani Road, Bhalerao Mala",100.0,0.0,0.0,0.0,0.0,1192.8304217412294,1996.092066273633,0.0,1.0,2.0,0.0,0.0
P_1897822f107e3a,PROFILE_FOOD,food,Satpur,review-v1,SAT_F_002,Satpur,"Along the fire-station wall, Satpur.",1.0,REFERENCE_LIKELY,VENDOR_REFERENCE_UNION,Along the Fire Station Boundary,17.0,0.0,0.0,0.0,0.0,250.2799848090774,2532.577190382534,0.0,0.0,0.0,0.0,0.0
P_de1a4ea2c13a04,PROFILE_FOOD,food,New Nashik,review-v1,NN_F_005,New Nashik,Phalke Memorial Gate.,1.0,REFERENCE_HIGH,VENDOR_REFERENCE_UNION,Along Phalke Smarak Compound,20.0,0.093254726411937,0.0,0.0,0.0,500.5363430014477,606.2437430324321,0.0,0.0,0.0,1.0,0.0
P_109d175ef3200e,PROFILE_FOOD,food,Panchavati,review-v1,PAN_F_023,Panchavati,"Near Shri Mahadev Temple, along the NMC open-space compound wall at Gunjal Baba Nagar, Hirawadi.",1.0,REFERENCE_LIKELY,OSM_NAMED_POLYGON,Temple,7.0,0.0029611972492823,0.0,0.0,0.0,13.87954790117547,1266.9410721891363,0.0,0.0,0.0,0.0,0.0
P_4831e92389e9b7,PROFILE_FOOD,food,Nashik West,review-v1,NW_F_024,Nashik West,"Chitramandir, Vishrambaug area.",1.0,REFERENCE_LIKELY,OSM_NAMED_POLYGON,Temple,46.0,0.0029611972492823,0.0,0.0,0.0,13.87954790117547,1266.9410721891363,0.0,0.0,0.0,0.0,0.0
P_1279f6d53356f2,PROFILE_FOOD,food,Nashik East,review-v1,NE_F_003,Nashik East,Roadside along the western side of 100 Feet Tigarania Company Road.,1.0,REFERENCE_LIKELY,VENDOR_REFERENCE_UNION,"100 Feet Road, Tigraniya Road",,0.3390238749457022,0.0,0.0,0.0,486.5368875944565,1010.11758651422,0.0,0.0,0.0,0.0,0.0
P_1fb9e433b6b43a,PROFILE_FOOD,food,Satpur,review-v1,SAT_F_005,Satpur,"Along the Satpur Mutton Market compound wall, Satpur Gaon.",0.0,REFERENCE_HIGH,VENDOR_REFERENCE_UNION,Along the Boundary of Satpur Mutton Market,248.0,0.2236769507617932,1.0,1.0,0.0,985.225818415048,117.891037014574,1.0,2.0,0.0,0.0,0.0
P_73a89892ec160b,PROFILE_FOOD,food,Nashik Road,review-v1,NR_F_035,Nashik Road,"Gajanan Park, Nashik Road.",1.0,REFERENCE_HIGH,OSM_NAMED_LINE_BUFFER,Pune Nashik Road,100.0,0.0,0.0,0.0,0.0,1686.749534848505,1790.472106144725,0.0,0.0,0.0,0.0,0.0
P_b26d1b2f393f5f,PROFILE_FOOD,food,Satpur,review-v1,SAT_F_006,Satpur,"Along the compound wall of Taparia Tools / ST Bus Stand, Satpur.",0.0,REFERENCE_HIGH,VENDOR_REFERENCE_UNION,"Taparia Tools, ST Bus Stand Area",68.0,0.1267749232632949,2.0,1.0,0.0,54.00914966508297,17.495537843646055,3.0,9.0,2.0,1.0,0.0
P_210c2d9bd3063d,PROFILE_FOOD,food,Nashik East,review-v1,NE_F_007,Nashik East,"Open space opposite Survey No. 262, Rukmini Nagar, near Pakhal Road and Ashoka Marg, leaving the corner of the 150-foot road on the western side.",1.0,REFERENCE_HIGH,VENDOR_REFERENCE_UNION,"Ashoka Marg, Pakhal Road",99.0,0.0101859014039082,0.0,0.0,0.0,498.2573135010253,947.9046796590508,0.0,6.0,0.0,0.0,0.0
P_2a5f564989e791,PROFILE_FOOD,food,New Nashik,review-v1,NN_F_013,New Nashik,"Lekha Nagar, Balbharati Office.",0.0,REFERENCE_LIKELY,OSM_NAMED_POINT_BUFFER,Lekhanagar,10.0,0.0291047184148107,1.0,0.0,1.0,47.9372819519917,10.609126376925849,1.0,1.0,0.0,0.0,0.0
P_d7dc0081273357,PROFILE_FOOD,food,Nashik West,review-v1,NW_F_012,Nashik West,"Open space opposite Hindu Samaj Seva Sangh, near Jhankar Hotel.",0.0,REFERENCE_LIKELY,VENDOR_REFERENCE_UNION,"Open Space opposite Hindu Samaj Seva Sangh, near Jhankar Hotel",30.0,0.0997434864601164,1.0,0.0,0.0,181.95412533692627,430.6974809652975,3.0,3.0,0.0,0.0,0.0
P_eaefae9ac8c80f,PROFILE_FOOD,food,Nashik West,review-v1,NW_F_026,Nashik West,Open plot near Akashvani Kendra.,0.0,REFERENCE_LIKELY,OSM_NAMED_POLYGON,Open Plot,300.0,0.0336151264432363,1.0,0.0,0.0,264.82049114569406,329.13014991066365,1.0,0.0,0.0,0.0,1.0
P_849d83cea74b4f,PROFILE_FOOD,food,Panchavati,review-v1,PAN_F_027,Panchavati,NMC land beside the public toilet opposite the east gate of Shri Kalaram Temple.,0.0,REFERENCE_HIGH,VENDOR_REFERENCE_UNION,Kalaram Temple,19.0,0.044456461533161,3.0,2.0,2.0,314.5550702343336,321.08146708122206,1.0,5.0,1.0,2.0,5.0
P_bf26a0c4a356f2,PROFILE_FOOD,food,Panchavati,review-v1,PAN_F_031,Panchavati,"Pedestrian road in front of the Panchavati public library, opposite Indrakund, excluding the western and northern sides of the library.",0.0,REFERENCE_LIKELY,VENDOR_REFERENCE_UNION,Pedestrian Road opposite Indrakund,30.0,0.1223802863246357,4.0,1.0,0.0,12.51736282589124,19.61539675968543,3.0,6.0,2.0,2.0,3.0
P_2185c093202880,PROFILE_FOOD,food,Nashik East,review-v1,NE_F_010,Nashik East,Open space within Krushnakant Vegetable Market.,0.0,REFERENCE_LIKELY,VENDOR_REFERENCE_UNION,Krishnakant Vegetable Market,191.0,0.1264908332808446,1.0,1.0,0.0,136.71186991136983,363.2401452477212,2.0,7.0,1.0,1.0,0.0
P_91c877904014f1,PROFILE_FOOD,food,New Nashik,review-v1,NN_F_002,New Nashik,Ambad Gaon Vegetable Market.,0.0,REFERENCE_LIKELY,VENDOR_REFERENCE_UNION,Ambad Gaon Vegetable Market | Market,90.0,0.1264908332808446,1.0,1.0,0.0,136.71186991136983,363.2401452477212,2.0,7.0,1.0,1.0,0.0
P_a78c80a44b430e,PROFILE_FOOD,food,Nashik Road,review-v1,NR_F_023,Nashik Road,"Samangaon, opposite the Polytechnic College, along the 30-metre DP Road and the college compound.",0.0,REFERENCE_HIGH,OSM_NAMED_POINT_BUFFER,College Road Post Office,300.0,0.0828074576166662,8.0,0.0,6.0,16.71137902302596,681.1456101007316,0.0,7.0,5.0,0.0,0.0
P_88cde65038449e,PROFILE_FOOD,food,Nashik Road,review-v1,NR_F_034,Nashik Road,"On the eastern side of the railway station, Survey No. 246, Reservation No. 222 for Railway Terminus and Allied Activities, along the 18-metre DP Road.",0.0,REFERENCE_HIGH,VENDOR_REFERENCE_UNION,Railway Station,200.0,0.0390227839433226,1.0,0.0,0.0,8.466210545056484,354.418948439394,1.0,6.0,0.0,1.0,1.0
P_9a8cbbe687c329,PROFILE_CLOTHING,clothing,Satpur,review-v1,SAT_F_003,Satpur,Along the compound wall of Victor Gasket Company.,1.0,REFERENCE_LIKELY,VENDOR_REFERENCE_UNION,Along Hunter Gasket Company,20.0,0.0,0.0,0.0,0.0,269.5269225863026,2535.506265098044,0.0,1.0,0.0,0.0,0.0
P_bdd8037f0e2bd3,PROFILE_CLOTHING,clothing,Nashik West,review-v1,NW_F_007,Nashik West,"Space beside the tennis court in D'Souza Colony, along the canal-side strip.",1.0,REFERENCE_HIGH,VENDOR_REFERENCE_UNION,"Canal-side Space beside the Tennis Court, D'Souza Colony",16.0,0.0087889906756481,0.0,0.0,0.0,0.5700665761185353,981.1860662653912,0.0,0.0,0.0,0.0,0.0
P_bf3d6a8d66c474,PROFILE_CLOTHING,clothing,Panchavati,review-v1,PAN_F_029,Panchavati,"Adjacent to Ganeshwadi Vegetable Market, towards Waghadi Bridge.",1.0,REFERENCE_LIKELY,VENDOR_REFERENCE_UNION,"Ganeshwadi Vegetable Market, near Waghadi Bridge | Beside Ganeshwadi Vegetable Market",30.0,0.0217078024117677,3.0,2.0,0.0,76.7611672201086,1231.040969496633,0.0,2.0,2.0,0.0,0.0
P_afe95c5a701cb4,PROFILE_CLOTHING,clothing,Nashik East,review-v1,NE_F_001,Nashik East,Vacant platforms and open space within Phule Market.,0.0,REFERENCE_LIKELY,VENDOR_REFERENCE_UNION,Phule Market,118.0,0.1264908332808446,1.0,1.0,0.0,136.71186991136983,363.2401452477212,2.0,7.0,1.0,1.0,0.0
P_dfbdb0fbb81d4b,PROFILE_CLOTHING,clothing,New Nashik,review-v1,NN_F_009,New Nashik,"Behind Glasgow Company, MIDC Ambad.",1.0,REFERENCE_LIKELY,OSM_NAMED_POINT_BUFFER,Ambad,30.0,0.7797302459710286,0.0,0.0,0.0,394.8310275190588,543.3716901305265,0.0,0.0,0.0,0.0,0.0
P_f70e06efaebab4,PROFILE_CLOTHING,clothing,Nashik Road,review-v1,NR_F_015,Nashik Road,"Bhalerao Mala, Jai Bhavani Road, beside Tulja Temple.",1.0,REFERENCE_HIGH,VENDOR_REFERENCE_UNION,"Jay Bhavani Road, Bhalerao Mala",100.0,0.0,0.0,0.0,0.0,1192.8304217412294,1996.092066273633,0.0,1.0,2.0,0.0,0.0
P_20f9719912d55d,PROFILE_CLOTHING,clothing,Satpur,review-v1,SAT_F_002,Satpur,"Along the fire-station wall, Satpur.",1.0,REFERENCE_LIKELY,VENDOR_REFERENCE_UNION,Along the Fire Station Boundary,17.0,0.0,0.0,0.0,0.0,250.2799848090774,2532.577190382534,0.0,0.0,0.0,0.0,0.0
P_569547d287a6d4,PROFILE_CLOTHING,clothing,New Nashik,review-v1,NN_F_005,New Nashik,Phalke Memorial Gate.,1.0,REFERENCE_HIGH,VENDOR_REFERENCE_UNION,Along Phalke Smarak Compound,20.0,0.093254726411937,0.0,0.0,0.0,500.5363430014477,606.2437430324321,0.0,0.0,0.0,1.0,0.0
P_94d2ef2ea020fe,PROFILE_CLOTHING,clothing,Panchavati,review-v1,PAN_F_023,Panchavati,"Near Shri Mahadev Temple, along the NMC open-space compound wall at Gunjal Baba Nagar, Hirawadi.",1.0,REFERENCE_LIKELY,OSM_NAMED_POLYGON,Temple,7.0,0.0029611972492823,0.0,0.0,0.0,13.87954790117547,1266.9410721891363,0.0,0.0,0.0,0.0,0.0
P_b820e2da7a05c2,PROFILE_CLOTHING,clothing,Nashik West,review-v1,NW_F_024,Nashik West,"Chitramandir, Vishrambaug area.",1.0,REFERENCE_LIKELY,OSM_NAMED_POLYGON,Temple,46.0,0.0029611972492823,0.0,0.0,0.0,13.87954790117547,1266.9410721891363,0.0,0.0,0.0,0.0,0.0
P_c6ad9f2f8cbfa5,PROFILE_CLOTHING,clothing,Nashik East,review-v1,NE_F_003,Nashik East,Roadside along the western side of 100 Feet Tigarania Company Road.,1.0,REFERENCE_LIKELY,VENDOR_REFERENCE_UNION,"100 Feet Road, Tigraniya Road",,0.3390238749457022,0.0,0.0,0.0,486.5368875944565,1010.11758651422,0.0,0.0,0.0,0.0,0.0
P_0678ec8474f8c8,PROFILE_CLOTHING,clothing,Satpur,review-v1,SAT_F_005,Satpur,"Along the Satpur Mutton Market compound wall, Satpur Gaon.",0.0,REFERENCE_HIGH,VENDOR_REFERENCE_UNION,Along the Boundary of Satpur Mutton Market,248.0,0.2236769507617932,1.0,1.0,0.0,985.225818415048,117.891037014574,1.0,2.0,0.0,0.0,0.0
P_be743d8ed9bcd5,PROFILE_CLOTHING,clothing,Nashik Road,review-v1,NR_F_035,Nashik Road,"Gajanan Park, Nashik Road.",1.0,REFERENCE_HIGH,OSM_NAMED_LINE_BUFFER,Pune Nashik Road,100.0,0.0,0.0,0.0,0.0,1686.749534848505,1790.472106144725,0.0,0.0,0.0,0.0,0.0
P_c4f35cb9f382e5,PROFILE_CLOTHING,clothing,Satpur,review-v1,SAT_F_006,Satpur,"Along the compound wall of Taparia Tools / ST Bus Stand, Satpur.",0.0,REFERENCE_HIGH,VENDOR_REFERENCE_UNION,"Taparia Tools, ST Bus Stand Area",68.0,0.1267749232632949,2.0,1.0,0.0,54.00914966508297,17.495537843646055,3.0,9.0,2.0,1.0,0.0
P_fa0b20d828b172,PROFILE_CLOTHING,clothing,Nashik East,review-v1,NE_F_007,Nashik East,"Open space opposite Survey No. 262, Rukmini Nagar, near Pakhal Road and Ashoka Marg, leaving the corner of the 150-foot road on the western side.",1.0,REFERENCE_HIGH,VENDOR_REFERENCE_UNION,"Ashoka Marg, Pakhal Road",99.0,0.0101859014039082,0.0,0.0,0.0,498.2573135010253,947.9046796590508,0.0,6.0,0.0,0.0,0.0
P_c571909a925993,PROFILE_CLOTHING,clothing,New Nashik,review-v1,NN_F_013,New Nashik,"Lekha Nagar, Balbharati Office.",0.0,REFERENCE_LIKELY,OSM_NAMED_POINT_BUFFER,Lekhanagar,10.0,0.0291047184148107,1.0,0.0,1.0,47.9372819519917,10.609126376925849,1.0,1.0,0.0,0.0,0.0
P_79821c4287e82d,PROFILE_CLOTHING,clothing,Nashik West,review-v1,NW_F_012,Nashik West,"Open space opposite Hindu Samaj Seva Sangh, near Jhankar Hotel.",0.0,REFERENCE_LIKELY,VENDOR_REFERENCE_UNION,"Open Space opposite Hindu Samaj Seva Sangh, near Jhankar Hotel",30.0,0.0997434864601164,1.0,0.0,0.0,181.95412533692627,430.6974809652975,3.0,3.0,0.0,0.0,0.0
P_a7a26ba42ecfa3,PROFILE_CLOTHING,clothing,Nashik West,review-v1,NW_F_026,Nashik West,Open plot near Akashvani Kendra.,0.0,REFERENCE_LIKELY,OSM_NAMED_POLYGON,Open Plot,300.0,0.0336151264432363,1.0,0.0,0.0,264.82049114569406,329.13014991066365,1.0,0.0,0.0,0.0,1.0
P_ff213ed198dac2,PROFILE_CLOTHING,clothing,Panchavati,review-v1,PAN_F_027,Panchavati,NMC land beside the public toilet opposite the east gate of Shri Kalaram Temple.,0.0,REFERENCE_HIGH,VENDOR_REFERENCE_UNION,Kalaram Temple,19.0,0.044456461533161,3.0,2.0,2.0,314.5550702343336,321.08146708122206,1.0,5.0,1.0,2.0,5.0
P_f871ae7aad96f2,PROFILE_CLOTHING,clothing,Panchavati,review-v1,PAN_F_031,Panchavati,"Pedestrian road in front of the Panchavati public library, opposite Indrakund, excluding the western and northern sides of the library.",0.0,REFERENCE_LIKELY,VENDOR_REFERENCE_UNION,Pedestrian Road opposite Indrakund,30.0,0.1223802863246357,4.0,1.0,0.0,12.51736282589124,19.61539675968543,3.0,6.0,2.0,2.0,3.0
P_7ece2f75fced12,PROFILE_CLOTHING,clothing,Nashik East,review-v1,NE_F_010,Nashik East,Open space within Krushnakant Vegetable Market.,0.0,REFERENCE_LIKELY,VENDOR_REFERENCE_UNION,Krishnakant Vegetable Market,191.0,0.1264908332808446,1.0,1.0,0.0,136.71186991136983,363.2401452477212,2.0,7.0,1.0,1.0,0.0
P_5bca93d84d7f14,PROFILE_CLOTHING,clothing,New Nashik,review-v1,NN_F_002,New Nashik,Ambad Gaon Vegetable Market.,0.0,REFERENCE_LIKELY,VENDOR_REFERENCE_UNION,Ambad Gaon Vegetable Market | Market,90.0,0.1264908332808446,1.0,1.0,0.0,136.71186991136983,363.2401452477212,2.0,7.0,1.0,1.0,0.0
P_146920b4d9e8c8,PROFILE_CLOTHING,clothing,Nashik Road,review-v1,NR_F_023,Nashik Road,"Samangaon, opposite the Polytechnic College, along the 30-metre DP Road and the college compound.",0.0,REFERENCE_HIGH,OSM_NAMED_POINT_BUFFER,College Road Post Office,300.0,0.0828074576166662,8.0,0.0,6.0,16.71137902302596,681.1456101007316,0.0,7.0,5.0,0.0,0.0
P_b0d37f4cb2b5d0,PROFILE_CLOTHING,clothing,Nashik Road,review-v1,NR_F_034,Nashik Road,"On the eastern side of the railway station, Survey No. 246, Reservation No. 222 for Railway Terminus and Allied Activities, along the 18-metre DP Road.",0.0,REFERENCE_HIGH,VENDOR_REFERENCE_UNION,Railway Station,200.0,0.0390227839433226,1.0,0.0,0.0,8.466210545056484,354.418948439394,1.0,6.0,0.0,1.0,1.0
P_241580ac74c36c,PROFILE_FLOWER,flower,Satpur,review-v1,SAT_F_003,Satpur,Along the compound wall of Victor Gasket Company.,1.0,REFERENCE_LIKELY,VENDOR_REFERENCE_UNION,Along Hunter Gasket Company,20.0,0.0,0.0,0.0,0.0,269.5269225863026,2535.506265098044,0.0,1.0,0.0,0.0,0.0
P_dec3136fd20c89,PROFILE_FLOWER,flower,Nashik West,review-v1,NW_F_007,Nashik West,"Space beside the tennis court in D'Souza Colony, along the canal-side strip.",1.0,REFERENCE_HIGH,VENDOR_REFERENCE_UNION,"Canal-side Space beside the Tennis Court, D'Souza Colony",16.0,0.0087889906756481,0.0,0.0,0.0,0.5700665761185353,981.1860662653912,0.0,0.0,0.0,0.0,0.0
P_2b68757824a989,PROFILE_FLOWER,flower,Panchavati,review-v1,PAN_F_029,Panchavati,"Adjacent to Ganeshwadi Vegetable Market, towards Waghadi Bridge.",1.0,REFERENCE_LIKELY,VENDOR_REFERENCE_UNION,"Ganeshwadi Vegetable Market, near Waghadi Bridge | Beside Ganeshwadi Vegetable Market",30.0,0.0217078024117677,3.0,2.0,0.0,76.7611672201086,1231.040969496633,0.0,2.0,2.0,0.0,0.0
P_f52d0ea5cb31a3,PROFILE_FLOWER,flower,Nashik East,review-v1,NE_F_001,Nashik East,Vacant platforms and open space within Phule Market.,0.0,REFERENCE_LIKELY,VENDOR_REFERENCE_UNION,Phule Market,118.0,0.1264908332808446,1.0,1.0,0.0,136.71186991136983,363.2401452477212,2.0,7.0,1.0,1.0,0.0
P_eb9e76059000b2,PROFILE_FLOWER,flower,New Nashik,review-v1,NN_F_009,New Nashik,"Behind Glasgow Company, MIDC Ambad.",1.0,REFERENCE_LIKELY,OSM_NAMED_POINT_BUFFER,Ambad,30.0,0.7797302459710286,0.0,0.0,0.0,394.8310275190588,543.3716901305265,0.0,0.0,0.0,0.0,0.0
P_0d876543f41b73,PROFILE_FLOWER,flower,Nashik Road,review-v1,NR_F_015,Nashik Road,"Bhalerao Mala, Jai Bhavani Road, beside Tulja Temple.",1.0,REFERENCE_HIGH,VENDOR_REFERENCE_UNION,"Jay Bhavani Road, Bhalerao Mala",100.0,0.0,0.0,0.0,0.0,1192.8304217412294,1996.092066273633,0.0,1.0,2.0,0.0,0.0
P_5d9545856c48c0,PROFILE_FLOWER,flower,Satpur,review-v1,SAT_F_002,Satpur,"Along the fire-station wall, Satpur.",1.0,REFERENCE_LIKELY,VENDOR_REFERENCE_UNION,Along the Fire Station Boundary,17.0,0.0,0.0,0.0,0.0,250.2799848090774,2532.577190382534,0.0,0.0,0.0,0.0,0.0
P_56eaea8c1f5a46,PROFILE_FLOWER,flower,New Nashik,review-v1,NN_F_005,New Nashik,Phalke Memorial Gate.,1.0,REFERENCE_HIGH,VENDOR_REFERENCE_UNION,Along Phalke Smarak Compound,20.0,0.093254726411937,0.0,0.0,0.0,500.5363430014477,606.2437430324321,0.0,0.0,0.0,1.0,0.0
P_33c8f5d0d18887,PROFILE_FLOWER,flower,Panchavati,review-v1,PAN_F_023,Panchavati,"Near Shri Mahadev Temple, along the NMC open-space compound wall at Gunjal Baba Nagar, Hirawadi.",1.0,REFERENCE_LIKELY,OSM_NAMED_POLYGON,Temple,7.0,0.0029611972492823,0.0,0.0,0.0,13.87954790117547,1266.9410721891363,0.0,0.0,0.0,0.0,0.0
P_75abaad8e6e786,PROFILE_FLOWER,flower,Nashik West,review-v1,NW_F_024,Nashik West,"Chitramandir, Vishrambaug area.",1.0,REFERENCE_LIKELY,OSM_NAMED_POLYGON,Temple,46.0,0.0029611972492823,0.0,0.0,0.0,13.87954790117547,1266.9410721891363,0.0,0.0,0.0,0.0,0.0
P_299aba8bbed72c,PROFILE_FLOWER,flower,Nashik East,review-v1,NE_F_003,Nashik East,Roadside along the western side of 100 Feet Tigarania Company Road.,1.0,REFERENCE_LIKELY,VENDOR_REFERENCE_UNION,"100 Feet Road, Tigraniya Road",,0.3390238749457022,0.0,0.0,0.0,486.5368875944565,1010.11758651422,0.0,0.0,0.0,0.0,0.0
P_c1f7124c3ad701,PROFILE_FLOWER,flower,Satpur,review-v1,SAT_F_005,Satpur,"Along the Satpur Mutton Market compound wall, Satpur Gaon.",0.0,REFERENCE_HIGH,VENDOR_REFERENCE_UNION,Along the Boundary of Satpur Mutton Market,248.0,0.2236769507617932,1.0,1.0,0.0,985.225818415048,117.891037014574,1.0,2.0,0.0,0.0,0.0
P_894f13be3f8b2e,PROFILE_FLOWER,flower,Nashik Road,review-v1,NR_F_035,Nashik Road,"Gajanan Park, Nashik Road.",1.0,REFERENCE_HIGH,OSM_NAMED_LINE_BUFFER,Pune Nashik Road,100.0,0.0,0.0,0.0,0.0,1686.749534848505,1790.472106144725,0.0,0.0,0.0,0.0,0.0
P_a4a1aef6d1a107,PROFILE_FLOWER,flower,Satpur,review-v1,SAT_F_006,Satpur,"Along the compound wall of Taparia Tools / ST Bus Stand, Satpur.",0.0,REFERENCE_HIGH,VENDOR_REFERENCE_UNION,"Taparia Tools, ST Bus Stand Area",68.0,0.1267749232632949,2.0,1.0,0.0,54.00914966508297,17.495537843646055,3.0,9.0,2.0,1.0,0.0
P_82ec281cd39835,PROFILE_FLOWER,flower,Nashik East,review-v1,NE_F_007,Nashik East,"Open space opposite Survey No. 262, Rukmini Nagar, near Pakhal Road and Ashoka Marg, leaving the corner of the 150-foot road on the western side.",1.0,REFERENCE_HIGH,VENDOR_REFERENCE_UNION,"Ashoka Marg, Pakhal Road",99.0,0.0101859014039082,0.0,0.0,0.0,498.2573135010253,947.9046796590508,0.0,6.0,0.0,0.0,0.0
P_9d025937435619,PROFILE_FLOWER,flower,New Nashik,review-v1,NN_F_013,New Nashik,"Lekha Nagar, Balbharati Office.",0.0,REFERENCE_LIKELY,OSM_NAMED_POINT_BUFFER,Lekhanagar,10.0,0.0291047184148107,1.0,0.0,1.0,47.9372819519917,10.609126376925849,1.0,1.0,0.0,0.0,0.0
P_caf0a1be0ded37,PROFILE_FLOWER,flower,Nashik West,review-v1,NW_F_012,Nashik West,"Open space opposite Hindu Samaj Seva Sangh, near Jhankar Hotel.",0.0,REFERENCE_LIKELY,VENDOR_REFERENCE_UNION,"Open Space opposite Hindu Samaj Seva Sangh, near Jhankar Hotel",30.0,0.0997434864601164,1.0,0.0,0.0,181.95412533692627,430.6974809652975,3.0,3.0,0.0,0.0,0.0
P_b2aca3438cbff1,PROFILE_FLOWER,flower,Nashik West,review-v1,NW_F_026,Nashik West,Open plot near Akashvani Kendra.,0.0,REFERENCE_LIKELY,OSM_NAMED_POLYGON,Open Plot,300.0,0.0336151264432363,1.0,0.0,0.0,264.82049114569406,329.13014991066365,1.0,0.0,0.0,0.0,1.0
P_f0a9e4c3e79374,PROFILE_FLOWER,flower,Panchavati,review-v1,PAN_F_027,Panchavati,NMC land beside the public toilet opposite the east gate of Shri Kalaram Temple.,0.0,REFERENCE_HIGH,VENDOR_REFERENCE_UNION,Kalaram Temple,19.0,0.044456461533161,3.0,2.0,2.0,314.5550702343336,321.08146708122206,1.0,5.0,1.0,2.0,5.0
P_da959b4572d82a,PROFILE_FLOWER,flower,Panchavati,review-v1,PAN_F_031,Panchavati,"Pedestrian road in front of the Panchavati public library, opposite Indrakund, excluding the western and northern sides of the library.",0.0,REFERENCE_LIKELY,VENDOR_REFERENCE_UNION,Pedestrian Road opposite Indrakund,30.0,0.1223802863246357,4.0,1.0,0.0,12.51736282589124,19.61539675968543,3.0,6.0,2.0,2.0,3.0
P_a8f67e99ee1890,PROFILE_FLOWER,flower,Nashik East,review-v1,NE_F_010,Nashik East,Open space within Krushnakant Vegetable Market.,0.0,REFERENCE_LIKELY,VENDOR_REFERENCE_UNION,Krishnakant Vegetable Market,191.0,0.1264908332808446,1.0,1.0,0.0,136.71186991136983,363.2401452477212,2.0,7.0,1.0,1.0,0.0
P_4b2bd86586f83d,PROFILE_FLOWER,flower,New Nashik,review-v1,NN_F_002,New Nashik,Ambad Gaon Vegetable Market.,0.0,REFERENCE_LIKELY,VENDOR_REFERENCE_UNION,Ambad Gaon Vegetable Market | Market,90.0,0.1264908332808446,1.0,1.0,0.0,136.71186991136983,363.2401452477212,2.0,7.0,1.0,1.0,0.0
P_6bc200adfdb006,PROFILE_FLOWER,flower,Nashik Road,review-v1,NR_F_023,Nashik Road,"Samangaon, opposite the Polytechnic College, along the 30-metre DP Road and the college compound.",0.0,REFERENCE_HIGH,OSM_NAMED_POINT_BUFFER,College Road Post Office,300.0,0.0828074576166662,8.0,0.0,6.0,16.71137902302596,681.1456101007316,0.0,7.0,5.0,0.0,0.0
P_e2ad8c875c157f,PROFILE_FLOWER,flower,Nashik Road,review-v1,NR_F_034,Nashik Road,"On the eastern side of the railway station, Survey No. 246, Reservation No. 222 for Railway Terminus and Allied Activities, along the 18-metre DP Road.",0.0,REFERENCE_HIGH,VENDOR_REFERENCE_UNION,Railway Station,200.0,0.0390227839433226,1.0,0.0,0.0,8.466210545056484,354.418948439394,1.0,6.0,0.0,1.0,1.0
P_e922f6f31d6345,PROFILE_GENERAL_GOODS,general_goods,Satpur,review-v1,SAT_F_003,Satpur,Along the compound wall of Victor Gasket Company.,1.0,REFERENCE_LIKELY,VENDOR_REFERENCE_UNION,Along Hunter Gasket Company,20.0,0.0,0.0,0.0,0.0,269.5269225863026,2535.506265098044,0.0,1.0,0.0,0.0,0.0
P_b8b52e32a99bf7,PROFILE_GENERAL_GOODS,general_goods,Nashik West,review-v1,NW_F_007,Nashik West,"Space beside the tennis court in D'Souza Colony, along the canal-side strip.",1.0,REFERENCE_HIGH,VENDOR_REFERENCE_UNION,"Canal-side Space beside the Tennis Court, D'Souza Colony",16.0,0.0087889906756481,0.0,0.0,0.0,0.5700665761185353,981.1860662653912,0.0,0.0,0.0,0.0,0.0
P_d728cf6af12dcd,PROFILE_GENERAL_GOODS,general_goods,Panchavati,review-v1,PAN_F_029,Panchavati,"Adjacent to Ganeshwadi Vegetable Market, towards Waghadi Bridge.",1.0,REFERENCE_LIKELY,VENDOR_REFERENCE_UNION,"Ganeshwadi Vegetable Market, near Waghadi Bridge | Beside Ganeshwadi Vegetable Market",30.0,0.0217078024117677,3.0,2.0,0.0,76.7611672201086,1231.040969496633,0.0,2.0,2.0,0.0,0.0
P_4eb511015e296d,PROFILE_GENERAL_GOODS,general_goods,Nashik East,review-v1,NE_F_001,Nashik East,Vacant platforms and open space within Phule Market.,0.0,REFERENCE_LIKELY,VENDOR_REFERENCE_UNION,Phule Market,118.0,0.1264908332808446,1.0,1.0,0.0,136.71186991136983,363.2401452477212,2.0,7.0,1.0,1.0,0.0
P_4252598c53ef1b,PROFILE_GENERAL_GOODS,general_goods,New Nashik,review-v1,NN_F_009,New Nashik,"Behind Glasgow Company, MIDC Ambad.",1.0,REFERENCE_LIKELY,OSM_NAMED_POINT_BUFFER,Ambad,30.0,0.7797302459710286,0.0,0.0,0.0,394.8310275190588,543.3716901305265,0.0,0.0,0.0,0.0,0.0
P_2109fcac03cefa,PROFILE_GENERAL_GOODS,general_goods,Nashik Road,review-v1,NR_F_015,Nashik Road,"Bhalerao Mala, Jai Bhavani Road, beside Tulja Temple.",1.0,REFERENCE_HIGH,VENDOR_REFERENCE_UNION,"Jay Bhavani Road, Bhalerao Mala",100.0,0.0,0.0,0.0,0.0,1192.8304217412294,1996.092066273633,0.0,1.0,2.0,0.0,0.0
P_c3ccbbe272f97b,PROFILE_GENERAL_GOODS,general_goods,Satpur,review-v1,SAT_F_002,Satpur,"Along the fire-station wall, Satpur.",1.0,REFERENCE_LIKELY,VENDOR_REFERENCE_UNION,Along the Fire Station Boundary,17.0,0.0,0.0,0.0,0.0,250.2799848090774,2532.577190382534,0.0,0.0,0.0,0.0,0.0
P_91473ed62c3c06,PROFILE_GENERAL_GOODS,general_goods,New Nashik,review-v1,NN_F_005,New Nashik,Phalke Memorial Gate.,1.0,REFERENCE_HIGH,VENDOR_REFERENCE_UNION,Along Phalke Smarak Compound,20.0,0.093254726411937,0.0,0.0,0.0,500.5363430014477,606.2437430324321,0.0,0.0,0.0,1.0,0.0
P_37a0203dd181b4,PROFILE_GENERAL_GOODS,general_goods,Panchavati,review-v1,PAN_F_023,Panchavati,"Near Shri Mahadev Temple, along the NMC open-space compound wall at Gunjal Baba Nagar, Hirawadi.",1.0,REFERENCE_LIKELY,OSM_NAMED_POLYGON,Temple,7.0,0.0029611972492823,0.0,0.0,0.0,13.87954790117547,1266.9410721891363,0.0,0.0,0.0,0.0,0.0
P_40fa4c75a88370,PROFILE_GENERAL_GOODS,general_goods,Nashik West,review-v1,NW_F_024,Nashik West,"Chitramandir, Vishrambaug area.",1.0,REFERENCE_LIKELY,OSM_NAMED_POLYGON,Temple,46.0,0.0029611972492823,0.0,0.0,0.0,13.87954790117547,1266.9410721891363,0.0,0.0,0.0,0.0,0.0
P_0b118801f1b815,PROFILE_GENERAL_GOODS,general_goods,Nashik East,review-v1,NE_F_003,Nashik East,Roadside along the western side of 100 Feet Tigarania Company Road.,1.0,REFERENCE_LIKELY,VENDOR_REFERENCE_UNION,"100 Feet Road, Tigraniya Road",,0.3390238749457022,0.0,0.0,0.0,486.5368875944565,1010.11758651422,0.0,0.0,0.0,0.0,0.0
P_f984f083f96f2f,PROFILE_GENERAL_GOODS,general_goods,Satpur,review-v1,SAT_F_005,Satpur,"Along the Satpur Mutton Market compound wall, Satpur Gaon.",0.0,REFERENCE_HIGH,VENDOR_REFERENCE_UNION,Along the Boundary of Satpur Mutton Market,248.0,0.2236769507617932,1.0,1.0,0.0,985.225818415048,117.891037014574,1.0,2.0,0.0,0.0,0.0
P_3983ceb1381f35,PROFILE_GENERAL_GOODS,general_goods,Nashik Road,review-v1,NR_F_035,Nashik Road,"Gajanan Park, Nashik Road.",1.0,REFERENCE_HIGH,OSM_NAMED_LINE_BUFFER,Pune Nashik Road,100.0,0.0,0.0,0.0,0.0,1686.749534848505,1790.472106144725,0.0,0.0,0.0,0.0,0.0
P_e6997470583f81,PROFILE_GENERAL_GOODS,general_goods,Satpur,review-v1,SAT_F_006,Satpur,"Along the compound wall of Taparia Tools / ST Bus Stand, Satpur.",0.0,REFERENCE_HIGH,VENDOR_REFERENCE_UNION,"Taparia Tools, ST Bus Stand Area",68.0,0.1267749232632949,2.0,1.0,0.0,54.00914966508297,17.495537843646055,3.0,9.0,2.0,1.0,0.0
P_fd5f74e84b9459,PROFILE_GENERAL_GOODS,general_goods,Nashik East,review-v1,NE_F_007,Nashik East,"Open space opposite Survey No. 262, Rukmini Nagar, near Pakhal Road and Ashoka Marg, leaving the corner of the 150-foot road on the western side.",1.0,REFERENCE_HIGH,VENDOR_REFERENCE_UNION,"Ashoka Marg, Pakhal Road",99.0,0.0101859014039082,0.0,0.0,0.0,498.2573135010253,947.9046796590508,0.0,6.0,0.0,0.0,0.0
P_3e45ed8273f18e,PROFILE_GENERAL_GOODS,general_goods,New Nashik,review-v1,NN_F_013,New Nashik,"Lekha Nagar, Balbharati Office.",0.0,REFERENCE_LIKELY,OSM_NAMED_POINT_BUFFER,Lekhanagar,10.0,0.0291047184148107,1.0,0.0,1.0,47.9372819519917,10.609126376925849,1.0,1.0,0.0,0.0,0.0
P_e48cf41f1446c6,PROFILE_GENERAL_GOODS,general_goods,Nashik West,review-v1,NW_F_012,Nashik West,"Open space opposite Hindu Samaj Seva Sangh, near Jhankar Hotel.",0.0,REFERENCE_LIKELY,VENDOR_REFERENCE_UNION,"Open Space opposite Hindu Samaj Seva Sangh, near Jhankar Hotel",30.0,0.0997434864601164,1.0,0.0,0.0,181.95412533692627,430.6974809652975,3.0,3.0,0.0,0.0,0.0
P_a4d49e81ad3c54,PROFILE_GENERAL_GOODS,general_goods,Nashik West,review-v1,NW_F_026,Nashik West,Open plot near Akashvani Kendra.,0.0,REFERENCE_LIKELY,OSM_NAMED_POLYGON,Open Plot,300.0,0.0336151264432363,1.0,0.0,0.0,264.82049114569406,329.13014991066365,1.0,0.0,0.0,0.0,1.0
P_9617957b251886,PROFILE_GENERAL_GOODS,general_goods,Panchavati,review-v1,PAN_F_027,Panchavati,NMC land beside the public toilet opposite the east gate of Shri Kalaram Temple.,0.0,REFERENCE_HIGH,VENDOR_REFERENCE_UNION,Kalaram Temple,19.0,0.044456461533161,3.0,2.0,2.0,314.5550702343336,321.08146708122206,1.0,5.0,1.0,2.0,5.0
P_e344b2c1a84792,PROFILE_GENERAL_GOODS,general_goods,Panchavati,review-v1,PAN_F_031,Panchavati,"Pedestrian road in front of the Panchavati public library, opposite Indrakund, excluding the western and northern sides of the library.",0.0,REFERENCE_LIKELY,VENDOR_REFERENCE_UNION,Pedestrian Road opposite Indrakund,30.0,0.1223802863246357,4.0,1.0,0.0,12.51736282589124,19.61539675968543,3.0,6.0,2.0,2.0,3.0
P_73de6b73a6d2f8,PROFILE_GENERAL_GOODS,general_goods,Nashik East,review-v1,NE_F_010,Nashik East,Open space within Krushnakant Vegetable Market.,0.0,REFERENCE_LIKELY,VENDOR_REFERENCE_UNION,Krishnakant Vegetable Market,191.0,0.1264908332808446,1.0,1.0,0.0,136.71186991136983,363.2401452477212,2.0,7.0,1.0,1.0,0.0
P_809c06563adedf,PROFILE_GENERAL_GOODS,general_goods,New Nashik,review-v1,NN_F_002,New Nashik,Ambad Gaon Vegetable Market.,0.0,REFERENCE_LIKELY,VENDOR_REFERENCE_UNION,Ambad Gaon Vegetable Market | Market,90.0,0.1264908332808446,1.0,1.0,0.0,136.71186991136983,363.2401452477212,2.0,7.0,1.0,1.0,0.0
P_18a83536d0df41,PROFILE_GENERAL_GOODS,general_goods,Nashik Road,review-v1,NR_F_023,Nashik Road,"Samangaon, opposite the Polytechnic College, along the 30-metre DP Road and the college compound.",0.0,REFERENCE_HIGH,OSM_NAMED_POINT_BUFFER,College Road Post Office,300.0,0.0828074576166662,8.0,0.0,6.0,16.71137902302596,681.1456101007316,0.0,7.0,5.0,0.0,0.0
P_533ad67799f9c7,PROFILE_GENERAL_GOODS,general_goods,Nashik Road,review-v1,NR_F_034,Nashik Road,"On the eastern side of the railway station, Survey No. 246, Reservation No. 222 for Railway Terminus and Allied Activities, along the 18-metre DP Road.",0.0,REFERENCE_HIGH,VENDOR_REFERENCE_UNION,Railway Station,200.0,0.0390227839433226,1.0,0.0,0.0,8.466210545056484,354.418948439394,1.0,6.0,0.0,1.0,1.0
P_7788b4435bad4c,PROFILE_OTHER,other,Satpur,review-v1,SAT_F_003,Satpur,Along the compound wall of Victor Gasket Company.,1.0,REFERENCE_LIKELY,VENDOR_REFERENCE_UNION,Along Hunter Gasket Company,20.0,0.0,0.0,0.0,0.0,269.5269225863026,2535.506265098044,0.0,1.0,0.0,0.0,0.0
P_a93da15d7b4936,PROFILE_OTHER,other,Nashik West,review-v1,NW_F_007,Nashik West,"Space beside the tennis court in D'Souza Colony, along the canal-side strip.",1.0,REFERENCE_HIGH,VENDOR_REFERENCE_UNION,"Canal-side Space beside the Tennis Court, D'Souza Colony",16.0,0.0087889906756481,0.0,0.0,0.0,0.5700665761185353,981.1860662653912,0.0,0.0,0.0,0.0,0.0
P_aced651dcb611f,PROFILE_OTHER,other,Panchavati,review-v1,PAN_F_029,Panchavati,"Adjacent to Ganeshwadi Vegetable Market, towards Waghadi Bridge.",1.0,REFERENCE_LIKELY,VENDOR_REFERENCE_UNION,"Ganeshwadi Vegetable Market, near Waghadi Bridge | Beside Ganeshwadi Vegetable Market",30.0,0.0217078024117677,3.0,2.0,0.0,76.7611672201086,1231.040969496633,0.0,2.0,2.0,0.0,0.0
P_c31d695f0d30d8,PROFILE_OTHER,other,Nashik East,review-v1,NE_F_001,Nashik East,Vacant platforms and open space within Phule Market.,0.0,REFERENCE_LIKELY,VENDOR_REFERENCE_UNION,Phule Market,118.0,0.1264908332808446,1.0,1.0,0.0,136.71186991136983,363.2401452477212,2.0,7.0,1.0,1.0,0.0
P_b27b1e3cbc9179,PROFILE_OTHER,other,New Nashik,review-v1,NN_F_009,New Nashik,"Behind Glasgow Company, MIDC Ambad.",1.0,REFERENCE_LIKELY,OSM_NAMED_POINT_BUFFER,Ambad,30.0,0.7797302459710286,0.0,0.0,0.0,394.8310275190588,543.3716901305265,0.0,0.0,0.0,0.0,0.0
P_ba410afa8ba88e,PROFILE_OTHER,other,Nashik Road,review-v1,NR_F_015,Nashik Road,"Bhalerao Mala, Jai Bhavani Road, beside Tulja Temple.",1.0,REFERENCE_HIGH,VENDOR_REFERENCE_UNION,"Jay Bhavani Road, Bhalerao Mala",100.0,0.0,0.0,0.0,0.0,1192.8304217412294,1996.092066273633,0.0,1.0,2.0,0.0,0.0
P_1bedaa4226055b,PROFILE_OTHER,other,Satpur,review-v1,SAT_F_002,Satpur,"Along the fire-station wall, Satpur.",1.0,REFERENCE_LIKELY,VENDOR_REFERENCE_UNION,Along the Fire Station Boundary,17.0,0.0,0.0,0.0,0.0,250.2799848090774,2532.577190382534,0.0,0.0,0.0,0.0,0.0
P_90ee1e9e561cd5,PROFILE_OTHER,other,New Nashik,review-v1,NN_F_005,New Nashik,Phalke Memorial Gate.,1.0,REFERENCE_HIGH,VENDOR_REFERENCE_UNION,Along Phalke Smarak Compound,20.0,0.093254726411937,0.0,0.0,0.0,500.5363430014477,606.2437430324321,0.0,0.0,0.0,1.0,0.0
P_f80dba553b745d,PROFILE_OTHER,other,Panchavati,review-v1,PAN_F_023,Panchavati,"Near Shri Mahadev Temple, along the NMC open-space compound wall at Gunjal Baba Nagar, Hirawadi.",1.0,REFERENCE_LIKELY,OSM_NAMED_POLYGON,Temple,7.0,0.0029611972492823,0.0,0.0,0.0,13.87954790117547,1266.9410721891363,0.0,0.0,0.0,0.0,0.0
P_f0f401e4f3271e,PROFILE_OTHER,other,Nashik West,review-v1,NW_F_024,Nashik West,"Chitramandir, Vishrambaug area.",1.0,REFERENCE_LIKELY,OSM_NAMED_POLYGON,Temple,46.0,0.0029611972492823,0.0,0.0,0.0,13.87954790117547,1266.9410721891363,0.0,0.0,0.0,0.0,0.0
P_c83cf9904ebb81,PROFILE_OTHER,other,Nashik East,review-v1,NE_F_003,Nashik East,Roadside along the western side of 100 Feet Tigarania Company Road.,1.0,REFERENCE_LIKELY,VENDOR_REFERENCE_UNION,"100 Feet Road, Tigraniya Road",,0.3390238749457022,0.0,0.0,0.0,486.5368875944565,1010.11758651422,0.0,0.0,0.0,0.0,0.0
P_cd04f664acd9b2,PROFILE_OTHER,other,Satpur,review-v1,SAT_F_005,Satpur,"Along the Satpur Mutton Market compound wall, Satpur Gaon.",0.0,REFERENCE_HIGH,VENDOR_REFERENCE_UNION,Along the Boundary of Satpur Mutton Market,248.0,0.2236769507617932,1.0,1.0,0.0,985.225818415048,117.891037014574,1.0,2.0,0.0,0.0,0.0
P_c514d0c8dbb964,PROFILE_OTHER,other,Nashik Road,review-v1,NR_F_035,Nashik Road,"Gajanan Park, Nashik Road.",1.0,REFERENCE_HIGH,OSM_NAMED_LINE_BUFFER,Pune Nashik Road,100.0,0.0,0.0,0.0,0.0,1686.749534848505,1790.472106144725,0.0,0.0,0.0,0.0,0.0
P_d5537fbe2a81ab,PROFILE_OTHER,other,Satpur,review-v1,SAT_F_006,Satpur,"Along the compound wall of Taparia Tools / ST Bus Stand, Satpur.",0.0,REFERENCE_HIGH,VENDOR_REFERENCE_UNION,"Taparia Tools, ST Bus Stand Area",68.0,0.1267749232632949,2.0,1.0,0.0,54.00914966508297,17.495537843646055,3.0,9.0,2.0,1.0,0.0
P_2c6b9042411ad7,PROFILE_OTHER,other,Nashik East,review-v1,NE_F_007,Nashik East,"Open space opposite Survey No. 262, Rukmini Nagar, near Pakhal Road and Ashoka Marg, leaving the corner of the 150-foot road on the western side.",1.0,REFERENCE_HIGH,VENDOR_REFERENCE_UNION,"Ashoka Marg, Pakhal Road",99.0,0.0101859014039082,0.0,0.0,0.0,498.2573135010253,947.9046796590508,0.0,6.0,0.0,0.0,0.0
P_51479fed5f0ecc,PROFILE_OTHER,other,New Nashik,review-v1,NN_F_013,New Nashik,"Lekha Nagar, Balbharati Office.",0.0,REFERENCE_LIKELY,OSM_NAMED_POINT_BUFFER,Lekhanagar,10.0,0.0291047184148107,1.0,0.0,1.0,47.9372819519917,10.609126376925849,1.0,1.0,0.0,0.0,0.0
P_b753d455992b14,PROFILE_OTHER,other,Nashik West,review-v1,NW_F_012,Nashik West,"Open space opposite Hindu Samaj Seva Sangh, near Jhankar Hotel.",0.0,REFERENCE_LIKELY,VENDOR_REFERENCE_UNION,"Open Space opposite Hindu Samaj Seva Sangh, near Jhankar Hotel",30.0,0.0997434864601164,1.0,0.0,0.0,181.95412533692627,430.6974809652975,3.0,3.0,0.0,0.0,0.0
P_9da912aa14bfcb,PROFILE_OTHER,other,Nashik West,review-v1,NW_F_026,Nashik West,Open plot near Akashvani Kendra.,0.0,REFERENCE_LIKELY,OSM_NAMED_POLYGON,Open Plot,300.0,0.0336151264432363,1.0,0.0,0.0,264.82049114569406,329.13014991066365,1.0,0.0,0.0,0.0,1.0
P_de61a2ae30dd6a,PROFILE_OTHER,other,Panchavati,review-v1,PAN_F_027,Panchavati,NMC land beside the public toilet opposite the east gate of Shri Kalaram Temple.,0.0,REFERENCE_HIGH,VENDOR_REFERENCE_UNION,Kalaram Temple,19.0,0.044456461533161,3.0,2.0,2.0,314.5550702343336,321.08146708122206,1.0,5.0,1.0,2.0,5.0
P_b591ccc79a0faa,PROFILE_OTHER,other,Panchavati,review-v1,PAN_F_031,Panchavati,"Pedestrian road in front of the Panchavati public library, opposite Indrakund, excluding the western and northern sides of the library.",0.0,REFERENCE_LIKELY,VENDOR_REFERENCE_UNION,Pedestrian Road opposite Indrakund,30.0,0.1223802863246357,4.0,1.0,0.0,12.51736282589124,19.61539675968543,3.0,6.0,2.0,2.0,3.0
P_2c8f9904b9ff0f,PROFILE_OTHER,other,Nashik East,review-v1,NE_F_010,Nashik East,Open space within Krushnakant Vegetable Market.,0.0,REFERENCE_LIKELY,VENDOR_REFERENCE_UNION,Krishnakant Vegetable Market,191.0,0.1264908332808446,1.0,1.0,0.0,136.71186991136983,363.2401452477212,2.0,7.0,1.0,1.0,0.0
P_3f3af668665f40,PROFILE_OTHER,other,New Nashik,review-v1,NN_F_002,New Nashik,Ambad Gaon Vegetable Market.,0.0,REFERENCE_LIKELY,VENDOR_REFERENCE_UNION,Ambad Gaon Vegetable Market | Market,90.0,0.1264908332808446,1.0,1.0,0.0,136.71186991136983,363.2401452477212,2.0,7.0,1.0,1.0,0.0
P_1955a14b3bae14,PROFILE_OTHER,other,Nashik Road,review-v1,NR_F_023,Nashik Road,"Samangaon, opposite the Polytechnic College, along the 30-metre DP Road and the college compound.",0.0,REFERENCE_HIGH,OSM_NAMED_POINT_BUFFER,College Road Post Office,300.0,0.0828074576166662,8.0,0.0,6.0,16.71137902302596,681.1456101007316,0.0,7.0,5.0,0.0,0.0
P_9895828554b589,PROFILE_OTHER,other,Nashik Road,review-v1,NR_F_034,Nashik Road,"On the eastern side of the railway station, Survey No. 246, Reservation No. 222 for Railway Terminus and Allied Activities, along the 18-metre DP Road.",0.0,REFERENCE_HIGH,VENDOR_REFERENCE_UNION,Railway Station,200.0,0.0390227839433226,1.0,0.0,0.0,8.466210545056484,354.418948439394,1.0,6.0,0.0,1.0,1.0
