zone_id,cluster,distance_to_centroid
NE_F_001,0,1.3209200990219976
NE_F_002,1,0.9642664730012468
NE_F_003,1,0.8598926699311294
NE_F_004,1,1.5277387949038554
NE_F_005,1,1.6824322688275173
NE_F_007,1,1.3736082014702744
NE_F_008,1,0.8790845136323399
NE_F_010,0,1.3209200990219976
NE_F_011,0,3.440173665466415
NE_F_012,1,0.8849928045061735
NE_F_014,0,1.3209200990219976
NE_F_015,1,1.110458174523191
NE_F_016,1,1.102219747144247
NE_R_001,0,2.240397989901144
NE_R_002,1,1.6590610690056566
NW_F_001,0,1.3209200990219976
NW_F_002,1,2.0734436393799722
NW_F_003,1,1.3338688511098034
NW_F_004,1,0.8316501234651436
NW_F_005,0,2.3700815456429463
NW_F_006,1,1.4234137291175928
NW_F_007,1,1.5198112788515474
NW_F_008,1,1.059473397061997
NW_F_009,0,2.9416385674342322
NW_F_010,0,1.8485970739079478
NW_F_011,1,0.7769596138016797
NW_F_012,0,1.8485970739079478
NW_F_013,1,2.123823058229307
NW_F_014,0,2.1163392767420905
NW_F_016,0,2.240397989901144
NW_F_017,0,1.3209200990219976
NW_F_018,1,0.5219064396994854
NW_F_019,1,2.3568477880043996
NW_F_020,1,1.64580822854467
NW_F_021,0,1.3209200990219976
NW_F_022,0,2.471514332560533
NW_F_024,1,0.8869313131392808
NW_F_025,0,2.5572066023463598
NW_F_026,0,1.7372398448705355
NW_F_027,0,1.448209957794406
NW_R_001,0,2.6009227036386857
NW_R_002,0,1.9860524978440421
NW_R_003,0,2.2172316406717654
NW_R_007,1,0.7533999345952327
NW_R_011,0,2.170236738391006
NW_R_015,1,1.6977264284696145
NW_R_017,1,1.8142194819932416
NW_R_018,1,1.1198882462266948
PAN_F_001,1,1.919816537314907
PAN_F_002,1,0.8869313131392808
PAN_F_004,0,1.3209200990219976
PAN_F_005,1,1.9517368902160515
PAN_F_006,1,0.8869313131392808
PAN_F_007,1,1.476596979101706
PAN_F_008,1,1.47659697910157
PAN_F_009,1,1.059473397061997
PAN_F_010,1,2.0307534426179084
PAN_F_011,0,1.7612309599430882
PAN_F_012,1,2.0014134714408747
PAN_F_013,1,0.6353056359641486
PAN_F_014,1,1.47659697910157
PAN_F_015,1,2.0906132849424024
PAN_F_016,1,1.0248280484356362
PAN_F_017,1,0.7769596138016797
PAN_F_018,1,1.8142194819932416
PAN_F_019,1,1.0231234700542342
PAN_F_020,1,0.8385951442660082
PAN_F_022,1,0.8869313131392808
PAN_F_023,1,0.8869313131392808
PAN_F_024,1,1.4630288152235396
PAN_F_026,1,0.8117166812952048
PAN_F_027,0,2.1944940922096894
PAN_F_028,1,0.8598926699311294
PAN_F_029,1,1.9736973093912762
PAN_F_030,1,1.9736973093912762
PAN_F_031,0,2.1953397317389767
PAN_F_032,1,1.7254618520047964
PAN_F_033,0,2.123911731586373
PAN_F_034,1,0.6820009181125007
PAN_F_035,1,1.4630288152235396
PAN_F_036,1,1.4630288152236428
PAN_F_038,1,1.2176432975933293
PAN_R_001,1,1.1272232643377318
PAN_R_002,1,1.1272232643377318
PAN_R_003,0,1.587393710936995
PAN_R_004,0,3.114929483638795
PAN_R_005,1,2.8683492895822833
PAN_R_006,0,2.9981831219361093
PAN_R_007,1,1.2364638708856408
PAN_R_008,1,0.7374752367569607
PAN_R_009,1,0.8869313131392808
PAN_R_010,1,0.8869313131392808
PAN_R_011,0,3.206217904219052
PAN_R_012,0,2.170236738391006
NR_F_002,1,1.8610486932011676
NR_F_003,1,0.8849928045061735
NR_F_005,1,1.3338688511095647
NR_F_006,1,1.3338688511095647
NR_F_007,1,1.3338688511095647
NR_F_008,1,1.5731463755158428
NR_F_009,1,1.3338688511098034
NR_F_010,1,1.6940008109261375
NR_F_011,1,2.3568477880043996
NR_F_013,1,1.3945162322716056
NR_F_014,1,0.8869313131392808
NR_F_015,1,1.3945162322716056
NR_F_016,1,1.6940008109261375
NR_F_017,1,1.1674325367334109
NR_F_018,1,1.9736973093912762
NR_F_019,1,1.8142194819932416
NR_F_020,0,2.123911731586373
NR_F_021,1,0.9039240170839675
NR_F_022,1,1.005575455511156
NR_F_023,0,3.0907654857650524
NR_F_024,1,0.9793451260636826
NR_F_025,1,1.0755291549547752
NR_F_026,1,1.0755291549547752
NR_F_027,1,1.0755291549547752
NR_F_028,1,1.8142194819932416
NR_F_029,1,1.9736973093912762
NR_F_032,1,1.5467674435344587
NR_F_033,1,1.5826813921673786
NR_F_034,0,1.3699043656758454
NR_F_035,1,1.1674325367333171
NR_F_036,1,1.1674325367333171
NR_F_037,1,1.1674325367333171
NR_F_038,1,1.1674325367333171
NR_F_039,1,1.1674325367333171
NR_F_040,1,2.3634058675979084
NR_F_041,1,1.1674325367333171
NR_F_042,1,1.1674325367333171
NR_F_043,1,1.1674325367333171
NR_R_001,1,1.8846949981818106
NR_R_002,1,0.8316501234651436
NR_R_003,1,0.8869313131392808
NR_R_004,1,0.8598926699311294
NR_R_006,1,1.6749033546605059
NR_R_007,1,1.426344695431281
NR_R_008,1,0.8869313131392808
NN_F_001,1,1.30587268594758
NN_F_002,0,1.3209200990219976
NN_F_003,0,2.7181134486028125
NN_F_004,1,1.005575455511156
NN_F_005,1,1.6226282247801183
NN_F_006,1,1.30587268594758
NN_F_007,1,1.30587268594758
NN_F_008,1,1.30587268594758
NN_F_009,1,1.30587268594758
NN_F_011,1,1.0875126863716331
NN_F_012,1,1.30587268594758
NN_F_013,0,2.135622221214119
NN_R_001,1,2.736645614399547
NN_R_002,1,1.7433422842562667
NN_R_003,1,2.736645614399547
NN_R_004,1,1.6309507027849282
NN_R_005,0,1.3209200990219976
NN_R_006,1,1.0808064505455546
NN_R_007,1,1.0652343260187407
NN_R_008,1,1.6824322688280227
NN_R_009,1,0.8869313131392808
NN_R_012,1,1.4668895744691928
NN_R_013,1,2.0014134714408747
NN_R_014,1,0.8316501234651436
NN_R_015,0,1.8872622161220172
SAT_F_001,1,2.3568477880043996
SAT_F_002,1,0.7578218219860345
SAT_F_003,1,0.6826434845195412
SAT_F_004,0,1.3209200990219976
SAT_F_005,0,1.776518852752343
SAT_F_006,0,1.835104675259529
SAT_F_007,1,0.8277169706052309
SAT_F_008,1,1.3786441881378044
SAT_F_009,0,1.3209200990219976
SAT_F_010,0,2.059001885939742
SAT_F_011,0,1.3209200990219976
SAT_F_012,0,2.8272868504004247
SAT_F_013,0,1.3209200990219976
SAT_F_014,0,1.3209200990219976
SAT_F_015,1,2.0003523330938116
SAT_F_016,1,1.950565475940274
SAT_F_017,0,2.40792444802723
SAT_F_019,1,1.2798613641477279
SAT_F_020,1,1.8403216329314815
SAT_F_021,0,1.776518852752343
SAT_F_022,1,0.8277169706052309
SAT_F_023,1,1.8403216329314815
SAT_F_024,1,1.7070187877265783
SAT_F_025,1,2.0934823319629987
SAT_R_001,1,1.337490342268067
SAT_R_002,0,2.0221737469824443
NV_002,0,1.5971271148514041
NV_003,0,1.432980899570519
NV_004,0,1.5971271148514041
NV_006,1,0.6649268171294337
NV_008,0,2.9752668731514627
NV_009,0,2.1063651103121317
NV_010,1,2.0906132849424024
NV_012,0,2.218283218391451
NV_013,0,2.6089540226621555
NV_014,1,0.8512708984047432
NV_015,1,1.5379133718717968
NV_016,1,1.5379133718717968
NV_017,1,1.5379133718717968
NV_018,1,0.8512708984047432
NV_019,0,1.7953225899053091
NV_020,1,2.3568477880043996
NV_021,1,0.8512708984047432
NV_022,0,1.5506723295412472
NV_024,0,2.9752668731514627
NV_025,0,3.4473394895426113
NV_026,0,3.447339489547919
NV_027,0,1.5506723295412472
NV_028,1,0.6057887486477793
NV_029,0,2.1063651103121317
NV_030,0,1.5963375903453698
NV_031,0,1.842219008148551
NV_032,1,0.6353056359650052
NV_033,1,1.6132945414972235
NV_034,1,1.47659697910157
NV_035,1,2.2945588955722354
NV_037,1,0.6353056359650052
NV_038,0,1.8684198743937492
NV_039,0,2.1584958582962392
NV_040,1,2.0425382264792287
NV_041,0,2.1239117315865257
NV_043,0,1.4885076028576048
NV_044,0,1.837253981582674
NV_046,1,0.743369845708465
NV_047,1,1.1198882462266948
NV_049,0,3.447339489547919
NV_050,0,2.4777876881281076
NV_051,0,2.1944940922096894
NV_053,1,2.8683492895822833
NV_054,0,2.059001885939742
NV_055,0,1.3209200990219976
NV_056,0,3.065703495381195
NV_057,1,1.1153047293837997
NV_061,1,0.8598926699311294
NV_062,1,0.8598926699311294
NV_063,0,1.3699043656700365
NV_064,0,2.135622221214119
NV_065,1,1.4668895744691928
NV_066,1,1.2536124166852352
NV_067,1,1.0808064505455546
NV_068,1,1.606371430459056
NV_069,0,2.135622221214119
NV_070,1,1.5588688478578574
NV_071,1,1.1198882462266948
NV_072,1,1.919816537314907
NV_073,1,1.0015180684183975
NV_074,1,2.0400755964050843
NV_075,1,0.8869313131392808
NV_077,1,1.1488459684804146
NV_078,1,1.378644188137636
NV_079,1,1.1623645576265413
NV_080,0,1.7656448985711553
NV_081,1,0.8978402864075967
NV_083,1,2.7614967189475976
